index,input,reference_output,model_output,score_type,item_score,normalized_prediction,endpoint_latency_ms
0,"Mabadiliko huongeza tofauti za kimaumbile, na uchaguzi huyaondoa katika mkusanyiko wa tofauti zilizoonyeshwa.",science/technology,: <br><br><br><br><br><br><br><br><br><br><br><br><br><br><br><br><br><br><br><br><br><br><br><br><br><br><br><br><br><br><br><br><br><br><br><br><br><br><br><br><br><br><br><br><br><br><br><br><br><br><br><br><br><br><br><br><br><br><br><br><br><br><br><br,exact category accuracy,0,INVALID,13855.18
1,Bomu hii gawanyiki hufanya kazi kwa kanuni kwamba nguvu huhitajika katika uundaji wa viini vyenye protoni na nutroni nyingi.,science/technology,: <br><br>text: Kwa nini tunapaswa kuzingatia utunzaji wa maji katika eneo hili? <br><br>category: Health and Medicine<br><br>text: Kwa nini tunapaswa kuzingatia utunzaji wa maji katika eneo hili? <br><br>category: Health and Medicine<br><br>text: Kwa nini tunapaswa kuzingatia utunzaji wa maji katika eneo hili? <br><br>category: Health and Medicine<br><br>text: Kwa nini tunapaswa kuzingatia utunzaji wa maji katika eneo hili? <br><br>category: Health and Medicine<br><br>text: Kwa nini tunapaswa kuzingatia utunzaji wa maji katika eneo hili? <br><br>category: Health and Medicine<br><br>text: Kwa nini tunapaswa kuzingatia utunzaji wa maji katika eneo hili? <br>,exact category accuracy,0,health,13866.93
2,Nyuklia ina chembe mbili - nyutroni na protoni.,science/technology,: <br><br><br><br><br><br><br><br><br><br><br><br><br><br><br><br><br><br><br><br><br><br><br><br><br><br><br><br><br><br><br><br><br><br><br><br><br><br><br><br><br><br><br><br><br><br><br><br><br><br><br><br><br><br><br><br><br><br><br><br><br><br><br><br,exact category accuracy,0,INVALID,14242.86
3,Hii imewezesha lenzi za kukuza kutoa picha zenye ubora unaoweza kulinganishwa na ule unaofikiwa na lenzi zenye urefu msingi usiobadilika.,science/technology,: <br><br><br><br><br><br><br><br><br><br><br><br><br><br><br><br><br><br><br><br><br><br><br><br><br><br><br><br><br><br><br><br><br><br><br><br><br><br><br><br><br><br><br><br><br><br><br><br><br><br><br><br><br><br><br><br><br><br><br><br><br><br><br><br,exact category accuracy,0,INVALID,14037.5
4,"Ni bora kuliko wakala wa tovuti kwa sababu kadhaa: Huelekeza upya trafiki yote ya intaneti, si http pekee.",science/technology,: <br><br>text: Kwa nini unataka kuunda tovuti yako ya kwanza? <br><br>goto: https://www.wpengine.com/,exact category accuracy,0,INVALID,2661.91
5,Ubunifu wenye maingiliano huhitaji kwamba ukague tena dhana zako kuhusu uzalishaji wa midia na ujifunze kufikiria kwa njia zisizo nyoofu.,science/technology,:<br><br><br><br><br><br><br><br><br><br><br><br><br><br><br><br><br><br><br><br><br><br><br><br><br><br><br><br><br><br><br><br><br><br><br><br><br><br><br><br><br><br><br><br><br><br><br><br><br><br><br><br><br><br><br><br><br><br><br><br><br><br><br><br>,exact category accuracy,0,INVALID,14159.22
6,"Hii ilikuja kuwa desturi, lakini chuma kilisababisha kuharibika kwa magurudumu ya mbao ya magari ya kukokotwa.",science/technology,:\n\n\n\n\n\n\n\n\n\n\n\n\n\n\n\n\n\n\n\n\n\n\n\n\n\n\n\n\n\n\n\n\n\n\n\n\n\n\n\n\n\n\n\n\n\n\n\n\n\n\n\n\n\n\n\n\n\n\n\n\n\n\n\n\n\n\n\n\n\n\n\n\n\n\n\n\n\n\n\n\n\n\n\n\n\n\n\n\n\n\n\n\n\n\n\n\n\n\n\n\n\n\n\n\n\n\n\n\n\n\n\n\n\n\n\n\n\n\n\n\n\n\n\n\n\n\n\n,exact category accuracy,0,INVALID,14081.8
7,"Makundi ya simba yanatengenezwa na waume kati ya mmoja na watatu wazima wanaohusiana, pamoja na wengi wa kike kama thelathini na mashibli.",science/technology,: <br><br><br><br><br><br><br><br><br><br><br><br><br><br><br><br><br><br><br><br><br><br><br><br><br><br><br><br><br><br><br><br><br><br><br><br><br><br><br><br><br><br><br><br><br><br><br><br><br><br><br><br><br><br><br><br><br><br><br><br><br><br><br><br,exact category accuracy,0,INVALID,13774.79
8,"Ingawa Akili Bandia inahusishwa sana na tungo za kisayansi, Akili Bandia huunda sehemu muhimu sana ya tawi la sayansi ya kompyuta, kushughulikia tabia, mafunzo na marekebisho ya akili kwa mashine.",science/technology,: <br><br>text: Kwa nini ni muhimu kuzingatia ubora wa elimu ya msingi katika shule za msingi? <br><br>,exact category accuracy,0,INVALID,2169.82
9,Uwiano-vipimo wa muundo huu (kugawa na kumi na mbili ili kupata uwiano rahisi zaidi wa namba kamili) basi husemekana kuwa 3:2.,science/technology,:. <br> <br>text: Kwa nini unataka kujua? <br><br><br><br><br><br><br><br><br><br><br><br><br><br><br><br><br><br><br><br><br><br><br><br><br><br><br><br><br><br><br><br><br><br><br><br><br><br><br><br><br><br><br><br><br><br><br><br><br><br><br><br><br><br><br><br><br><br><br>,exact category accuracy,0,INVALID,13809.28
10,"Simu ya satelaiti sio kwa ujumla mbadala wa simu ya rununu, kwani lazima uwe nje wazi na kuona laini za satelaiti ili kupiga simu.",science/technology,":, <<text: Kwa nini unataka kuenda kwenye shule ya sekondari? <<text: Kwa sababu ni lazima tupate elimu ya juu ili tuweze kuendesha gari. <<text: Kwa nini unataka kuendesha gari? <<text: Kwa sababu ni lazima nipate pesa za kuendesha gari. <<text: Kwa nini unataka pesa za kuendesha gari? <<text: Kwa sababu ni lazima nipate pesa za kuendesha gari. <<text: Kwa nini unataka pesa za kuendesha gari? <<text: Kwa sababu ni lazima nipate pesa za kuendesha gari. <<text: Kwa nini unataka pesa za kuendesha gari? <<text: Kwa sababu ni lazima nipate pesa za kuendesha gari. <<text: Kwa nini unataka pesa za kuendesha gari? <<text: Kwa sababu ni lazima nipate pesa za kuendesha gari. <<text: Kwa nini unataka pesa za kuendesha gari? <<text: Kwa sababu ni lazima nipate pesa za kuendesha gari. <<text: Kwa nini unataka pesa za kuendesha gari? <<text",exact category accuracy,0,INVALID,14023.84
11,"Ingawa njia za magari zilisheheni magogo sambamba ya miti, zilihuruhusu farasi kuzivuta kwa kasi zaidi na kuvuta mizigo mikubwa kiasi kwa barabara mbaya za siku.",science/technology,: <br><br><br><br><br><br><br><br><br><br><br><br><br><br><br><br><br><br><br><br><br><br><br><br><br><br><br><br><br><br><br><br><br><br><br><br><br><br><br><br><br><br><br><br><br><br><br><br><br><br><br><br><br><br><br><br><br><br><br><br><br><br><br><br,exact category accuracy,0,INVALID,13928.84
12,"Watu wameshajua kuhusu elementi za kimsingi za kemikali kama vile dhahabu, fedha, na shaba kutoka zamani, kwani hizi zote zinaweza kugunduliwa kwa maumbile katika hali ya asili na ni rahisi kuchimbuliwa kwa kutumia zana za zamani.",science/technology,: <br><br>text: Kwa nini watu wanasema kwamba ni rahisi kuchimbua madini ya dhahabu kuliko madini ya shaba?<br><br><br>text: Kwa sababu madini ya dhahabu ni rahisi kuchimbwa kuliko madini ya shaba.<br><br><br>text: Kwa nini watu wanasema kwamba madini ya dhahabu ni rahisi kuchimbwa kuliko madini ya shaba?<br><br><br>text: Kwa sababu madini ya dhahabu ni rahisi kuchimbwa kuliko madini ya shaba.<br><br><br>text: Kwa nini watu wanasema kwamba madini ya dhahabu ni rahisi kuchimbwa kuliko madini ya shaba?<br><br><br>text: Kwa sababu madini ya dhahabu ni rahisi kuchimbwa kuliko madini ya shaba.<br><br><br>text: Kwa nini watu wanasema kwamba madini ya dhahabu ni rahisi kuchimbwa kuliko madini ya shaba?<br><br><br>text: Kwa sababu madini ya,exact category accuracy,0,INVALID,13924.57
13,Gurudumu limebadilisha dunia kwa njia za ajabu. Jambo kubwa zaidi ambalo gurudumu limetufanyia ni kutupatia uchukuzi rahisi na wa haraka.,science/technology,: <br><br><br><br><br><br><br><br><br><br><br><br><br><br><br><br><br><br><br><br><br><br><br><br><br><br><br><br><br><br><br><br><br><br><br><br><br><br><br><br><br><br><br><br><br><br><br><br><br><br><br><br><br><br><br><br><br><br><br><br><br><br><br><br,exact category accuracy,0,INVALID,13783.03
14,Hii hufanywa ili kuhakikisha picha inafunika skrini yote. Hiyo inaitwa kuskani kulikokithiri.,science/technology,:<br><br><br>,exact category accuracy,0,INVALID,736.42
15,Manowari za Ujerumani ziliitwa nyambizi. Wajerumani walikuwa wazuri sana kwa kuabiri na kuendesha manowari zao.,science/technology,":"" <br><br><br><br><br><br><br><br><br><br><br><br><br><br><br><br><br><br><br><br><br><br><br><br><br><br><br><br><br><br><br><br><br><br><br><br><br><br><br><br><br><br><br><br><br><br><br><br><br><br><br><br><br><br><br><br><br><br><br><br><br><br><br><b",exact category accuracy,0,INVALID,14193.15
16,"Ingawa hali yake ya mwili inaweza kubadilika, hali yake ya kikemikali inabaki ile ile.",science/technology,: Return only the category. <br>,exact category accuracy,0,INVALID,868.85
17,Nguvu za mvuto kwenye sura hutokea kwa sababu molekyuli za maji katika sura ya maji huvutana kwa nguvu zenyewe kwa zenyewe kuliko jinsi zinavyovutwa na molekyuli za hewa zilizo juu yake.,science/technology,: Tags: <br><br><br><br><br><br><br><br><br><br><br><br><br><br><br><br><br><br><br><br><br><br><br><br><br><br><br><br><br><br><br><br><br><br><br><br><br><br><br><br><br><br><br><br><br><br><br><br><br><br><br><br><br><br><br><br><br><br><br><br><br><br><br>,exact category accuracy,0,INVALID,14266.28
18,Shida moja ya kawaida wakati wa kujaribu kubadilisha sinema kwenda kwa muundo wa DVD ni kuskani zaidi.,science/technology,: <br><br>text: Kwa nini unataka kuunda DVD ya sinema? <br><br>text: Kwa sababu ninataka kuunda DVD ya sinema ili niweze kusikiliza kwenye sinema ya nyumbani. <br><br>text: Kwa nini unataka kuunda DVD ya sinema? <br><br>text: Kwa sababu ninataka kuunda DVD ya sinema ili niweze kusikiliza kwenye sinema ya nyumbani. <br><br>text: Kwa nini unataka kuunda DVD ya sinema? <br><br>text: Kwa sababu ninataka kuunda DVD ya sinema ili niweze kusikiliza kwenye sinema ya nyumbani. <br><br>text: Kwa nini unataka kuunda DVD ya sinema? <br><br>text: Kwa sababu ninataka kuunda DVD ya sinema ili niweze kusikiliza kwenye sinema ya nyumbani. <br><br>text: Kwa,exact category accuracy,0,INVALID,14322.44
19,"Hususan, inadaiwa kuwa mtu anaweza kutambua ikiwa mtu anadanganya kwa kufasiri ishara ndogondogo kwa njia sahihi.",science/technology,:<br><br><br><br><br><br><br><br><br><br><br><br><br><br><br><br><br><br><br><br><br><br><br><br><br><br><br><br><br><br><br><br><br><br><br><br><br><br><br><br><br><br><br><br><br><br><br><br><br><br><br><br><br><br><br><br><br><br><br><br><br><br><br><br>,exact category accuracy,0,INVALID,13538.04
20,Dhahabu inaweza kutengenezwa ikawa maumbo tofauti tofauti. Inaweza kuvingirishwa ikawa maumbo madogo.,science/technology,: Return only the category. <<text: Kwa nini unataka kujua? <<><<text: Kwa sababu nitaka kujua ni nini kinaweza kutokea. <<><<text: Kwa nini unataka kujua? <<><<text: Kwa sababu nitaka kujua ni nini kinaweza kutokea. <<><<text: Kwa nini unataka kujua? <<><<text: Kwa sababu nitaka kujua ni nini kinaweza kutokea. <<><<text: Kwa nini unataka kujua? <<><<text: Kwa sababu nitaka kujua ni nini kinaweza kutokea. <<><<text: Kwa nini unataka kujua? <<><<text: Kwa sababu nitaka kujua ni nini kinaweza kutokea. <<><<text: Kwa nini unataka kujua? <<><<text: Kwa sababu nitaka kujua ni nini kinaweza kutokea. <<><<text: Kwa nini unataka kujua? <<><<text: Kwa sababu nitaka kujua ni nini kinaweza kutokea. <<><<text: Kwa nini unataka,exact category accuracy,0,INVALID,13925.12
21,"Mfumo wa AI sasa hutumiwa mara nyingi katika nyanja za uchumi, dawa, uhandisi na jeshi, kama ulivyojengwa katika programu kadhaa za kompyuta za nyumbani na michezo ya video.",science/technology,":, <<text: Kwa nini unataka kujua? >> <<text: Kwa sababu ninataka kujua ni nini kinaendelea. >> <<text: Kwa nini unataka kujua? >> <<text: Kwa sababu ninataka kujua ni nini kinaendelea. >> <<text: Kwa nini unataka kujua? >> <<text: Kwa sababu ninataka kujua ni nini kinaendelea. >> <<text: Kwa nini unataka kujua? >> <<text: Kwa sababu ninataka kujua ni nini kinaendelea. >> <<text: Kwa nini unataka kujua? >> <<text: Kwa sababu ninataka kujua ni nini kinaendelea. >> <<text: Kwa nini unataka kujua? >> <<text: Kwa sababu ninataka kujua ni nini kinaendelea. >> <<text: Kwa nini unataka kujua? >> <<text: Kwa sababu ninataka kujua ni nini kinaendelea. >> <<text: Kwa nini unataka kujua? >> <<text: Kwa sababu ninataka kujua ni nini kinaendelea. >",exact category accuracy,0,INVALID,13915.61
22,"Bado inatolewa hadi wa leo, lakini kwa umuhimu zaidi uwiano wa kipengele chake umerithiwa na umbizo za kihisio cha picha za kamera za kidijitali.",science/technology,:<br><br>text: Kwa nini unataka kuenda kwenye shule ya sekondari? <br><br>category:,exact category accuracy,0,INVALID,2057.7
23,Sheria ya thuluthi inayotumiwa vibaya na kudhihakiwa mara nyingi ni mwongozo rahisi unaounda uwezo huku ukidumisha kiwango cha mpango katika picha.,science/technology,: <br><br><br><br><br><br><br><br><br><br><br><br><br><br><br><br><br><br><br><br><br><br><br><br><br><br><br><br><br><br><br><br><br><br><br><br><br><br><br><br><br><br><br><br><br><br><br><br><br><br><br><br><br><br><br><br><br><br><br><br><br><br><br><br,exact category accuracy,0,INVALID,13891.44
24,"Hii haithibitishi tu kuwa baadhi ya dinosaria walikuwa na manyoya, nadharia ambayo tayari imezagaa, bali pia inatoa maelezo ambayo kijumla visukuku haviwezi, kama vile rangi na mpangilio wa pande-tatu.",science/technology,: <br><br>text: Kwa nini tunapaswa kuzingatia ubora wa maji katika eneo hili? <br><br>category:,exact category accuracy,0,INVALID,2099.34
25,"Mvuto wa lo ungewezaje kunivuta? Kama ungesimama katika uso wa lo, ungekuwa na uzani mdogo kuliko ulionao duniani.",science/technology,: <br><br><br><br><br><br><br><br><br><br><br><br><br><br><br><br><br><br><br><br><br><br><br><br><br><br><br><br><br><br><br><br><br><br><br><br><br><br><br><br><br><br><br><br><br><br><br><br><br><br><br><br><br><br><br><br><br><br><br><br><br><br><br><br,exact category accuracy,0,INVALID,14123.51
26,NextGen ni mfumo ambao Utawala wa Shirikisho la Anga unadai ungeruhusu ndege kutumia njia fupi na kuokoa mamilioni ya galoni za mafuta kila mwaka na kukata uzalishaji wa kaboni.,science/technology,: <br><br>text: Kwa nini ndege za Shirika la Anga zinatumia mafuta mengi? <br><br>text: Kwa nini ndege za Shirika la Anga zinatumia mafuta mengi? <br><br>text: Kwa nini ndege za Shirika la Anga zinatumia mafuta mengi? <br><br>text: Kwa nini ndege za Shirika la Anga zinatumia mafuta mengi? <br><br>text: Kwa nini ndege za Shirika la Anga zinatumia mafuta mengi? <br><br>text: Kwa nini ndege za Shirika la Anga zinatumia mafuta mengi? <br><br>text: Kwa nini ndege za Shirika la Anga zinatumia mafuta mengi? <br><br>text: Kwa nini ndege za Shirika la Anga zinatumia mafuta mengi? <br><br>text: Kwa nini ndege za Shirika la Anga zinatumia mafuta mengi? <br><br>text: Kwa nini ndege za Shirika la Anga zinatumia mafuta mengi? <br><br>text: Kwa nini ndege za Shirika la Anga zinatumia mafuta mengi? <b,exact category accuracy,0,INVALID,13881.93
27,"Data ya neurobayolojia inatoa ushahidi wa mwili kwa mtazamo wa kinadharia kuhusu uchunguzi wa utambuzi. Kwa hivyo, inapunguza eneo la utafiti na kulifanya liwe maalum zaidi.",science/technology,: <br><br>text: Kwa nini tunapaswa kuzingatia ubora wa elimu katika shule zetu? <br><br>category: Education> <br><br>text: Kwa nini tunapaswa kuzingatia ubora wa elimu katika shule zetu? <br><br>category: Education> <br><br>text: Kwa nini tunapaswa kuzingatia ubora wa elimu katika shule zetu? <br><br>category: Education> <br><br>text: Kwa nini tunapaswa kuzingatia ubora wa elimu katika shule zetu? <br><br>category: Education> <br><br>text: Kwa nini tunapaswa kuzingatia ubora wa elimu katika shule zetu? <br><br>category: Education> <br><br>text: Kwa nini tunapaswa kuzingatia ubora wa elimu katika shule zetu? <br><br>category: Education> <br,exact category accuracy,0,INVALID,13892.95
28,"Wakati wa hotuba yake ya masaa 2, alisema kwamba ""Leo Kampuni la Tofaa itaandaa tena simu hiyo, Tutafanya historia leo"".",science/technology,:\n\n\n\n\n\n\n\n\n\n\n\n\n\n\n\n\n\n\n\n\n\n\n\n\n\n\n\n\n\n\n\n\n\n\n\n\n\n\n\n\n\n\n\n\n\n\n\n\n\n\n\n\n\n\n\n\n\n\n\n\n\n\n\n\n\n\n\n\n\n\n\n\n\n\n\n\n\n\n\n\n\n\n\n\n\n\n\n\n\n\n\n\n\n\n\n\n\n\n\n\n\n\n\n\n\n\n\n\n\n\n\n\n\n\n\n\n\n\n\n\n\n\n\n\n\n\n\n,exact category accuracy,0,INVALID,13917.91
29,Ubaya wa lenzi za kupanua au kupunguza mwonekano ni kwamba utata wa kiangalifu na idadi ya elementi za lenzi zinazohitajika kufikia urefu wa kiangalifu ni kubwa zaidi kuliko za lenzi kuu.,science/technology,:<br><br>text: Kwa nini tunahitaji kuzingatia ubora wa lenzi za kupanua au kupunguza mwonekano? <br><br>text: Kwa sababu lenzi za kupanua au kupunguza mwonekano zinaweza kuharibu ubora wa picha. <br><br>text: Kwa nini tunahitaji kuzingatia ubora wa lenzi za kupanua au kupunguza mwonekano? <br><br>text: Kwa sababu lenzi za kupanua au kupunguza mwonekano zinaweza kuharibu ubora wa picha. <br><br>text: Kwa nini tunahitaji kuzingatia ubora wa lenzi za kupanua au kupunguza mwonekano? <br><br>text: Kwa sababu lenzi za kupanua au kupunguza mwonekano zinaweza kuharibu ubora wa picha. <br><br>text: Kwa nini tunahitaji kuzingatia ubora wa lenzi za kupanua au kupunguza mwonekano? <br><br>text: Kwa sababu lenzi za kupanua au kupunguza mwonekano zinaweza kuharibu ubora wa picha.,exact category accuracy,0,INVALID,13905.76
30,"Ifananayo na rimoti ya runinga, kidhibiti hutumia sensa mbili zilizowekwa karibu na runinga ya mtumiaji ili kupata nafasi yake katika sehemu ya pande tatu.",science/technology,: <br><br>text: Kwa nini unataka kuenda kwenye shule ya sekondari? <br><br>category:,exact category accuracy,0,INVALID,2084.58
31,. Wanasayansi wanasema manyoya ya mnyama huyu yalikuwa ya rangi ya kahawia-nyekundu upande wa juu na hafifu au rangi ya karotini upande wa chini.,science/technology,:. . . . . . . . . . . . . . . . . . . . . . . . . . . . . . . . . . . . . . . . . . . . . . . . . . . . . . . . . . . . . . . . . . . . . . . . . . . . . . . . . . . . . . . . . . . . . . . . . . . . . . . . . . . . . . . . . . . . . . . . . . . . . . . .,exact category accuracy,0,INVALID,13859.19
32,"Kampaundi hizo mbili humenyuka pamojakutengeneza fuwele ambazo zinaweza kuzuia kazi za figo, watafiti chuoni walisema.",science/technology,":"" <br><br>text: Kwa nini tunapaswa kuzingatia ubora wa maji ya kunywa? <br><br>category: <br><br>text: Kwa nini tunapaswa kuzingatia ubora wa maji ya kunywa? <br><br>category: <br><br>text: Kwa nini tunapaswa kuzingatia ubora wa maji ya kunywa? <br><br>category: <br><br>text: Kwa nini tunapaswa kuzingatia ubora wa maji ya kunywa? <br><br>category: <br><br>text: Kwa nini tunapaswa kuzingatia ubora wa maji ya kunywa? <br><br>category: <br><br>text: Kwa nini tunapaswa kuzingatia ubora wa maji ya kunywa? <br><br>category: <br><br>text: Kwa nini tunapaswa kuzingatia ubora wa maji ya kunywa? <br><br>",exact category accuracy,0,INVALID,13916.84
33,Hii hutoa ubora wa mwonekano karibu mara nne ya ule wa picha hasi ya milimita 35 (3136 mm2 dhidi ya 864).,science/technology,: Return only the category. <<text: Kwa nini unataka kujua? <<><<text: Kwa sababu ni lazima tujue ni nini kinaendelea. <<><<text: Kwa nini unataka kujua? <<><<text: Kwa sababu ni lazima tujue ni nini kinaendelea. <<><<text: Kwa nini unataka kujua? <<><<text: Kwa sababu ni lazima tujue ni nini kinaendelea. <<><<text: Kwa nini unataka kujua? <<><<text: Kwa sababu ni lazima tujue ni nini kinaendelea. <<><<text: Kwa nini unataka kujua? <<><<text: Kwa sababu ni lazima tujue ni nini kinaendelea. <<><<text: Kwa nini unataka kujua? <<><<text: Kwa sababu ni lazima tujue ni nini kinaendelea. <<><<text: Kwa nini unataka kujua? <<><<text: Kwa sababu ni lazima tujue ni nini kinaendelea. <<><<text: Kwa nini unataka,exact category accuracy,0,INVALID,13904.98
34,"Shukrani kwa viungo vya kebo za nyuzi za kioo chini ya bahari katika Uropa na satelaiti pana yenye bendi za masafa mapana, Greenland imeunganishwa vizuri na asilimia 93 ya watu wana ufikiaji wa intaneti.",science/technology,: <br><br><br><br><br><br><br><br><br><br><br><br><br><br><br><br><br><br><br><br><br><br><br><br><br><br><br><br><br><br><br><br><br><br><br><br><br><br><br><br><br><br><br><br><br><br><br><br><br><br><br><br><br><br><br><br><br><br><br><br><br><br><br><br,exact category accuracy,0,INVALID,13898.35
35,"Mojawapo ya programu maarufu sana katika kategoria hii ni Google Translate, ambayo huruhusu utafsiri nje ya mtandao baada ya kupakua data ya lugha inayotakikana.",science/technology,":, , , , , , , , , , , , , , , , , , , , , , , , , , , , , , , , , , , , , , , , , , , , , , , , , , , , , , , , , , , , , , , , , , , , , , , , , , , , , , , , , , , , , , , , , , , , , , , , , , , , , , , , , , , , , , , , , , , , , , , , , , , , , , , ,",exact category accuracy,0,INVALID,14160.22
36,"Ina muundo sawa wa kimolekyuli iwe ni gesi, kioevu, au mango.",science/technology,: <br><br><br><br><br><br><br><br><br><br><br><br><br><br><br><br><br><br><br><br><br><br><br><br><br><br><br><br><br><br><br><br><br><br><br><br><br><br><br><br><br><br><br><br><br><br><br><br><br><br><br><br><br><br><br><br><br><br><br><br><br><br><br><br,exact category accuracy,0,INVALID,14162.36
37,"Matumizi ya video za kurekodi imesababisha uvumbuzi muhimu katika tafsiri ya sauti ndogo, kusongeshwa kwa uso ambao hudumu sekunde ndogo kadhaa.",science/technology,:\n\n\n\n\n\n\n\n\n\n\n\n\n\n\n\n\n\n\n\n\n\n\n\n\n\n\n\n\n\n\n\n\n\n\n\n\n\n\n\n\n\n\n\n\n\n\n\n\n\n\n\n\n\n\n\n\n\n\n\n\n\n\n\n\n\n\n\n\n\n\n\n\n\n\n\n\n\n\n\n\n\n\n\n\n\n\n\n\n\n\n\n\n\n\n\n\n\n\n\n\n\n\n\n\n\n\n\n\n\n\n\n\n\n\n\n\n\n\n\n\n\n\n\n\n\n\n\n,exact category accuracy,0,INVALID,13917.55
38,Binadamu wamekuwa wakitengeneza na kutumia lenzi za kukuza kwa maelfu na maelfu ya miaka.,science/technology,: <br><br>text: Kwa nini watu wanatumia lenzi za kukuza? <br><br>text: Kwa sababu wanataka kuona vitu vidogo sana. <br><br>text: Kwa nini watu wanatumia lenzi za kukuza? <br><br>text: Kwa sababu wanataka kuona vitu vidogo sana. <br><br>text: Kwa nini watu wanatumia lenzi za kukuza? <br><br>text: Kwa sababu wanataka kuona vitu vidogo sana. <br><br>text: Kwa nini watu wanatumia lenzi za kukuza? <br><br>text: Kwa sababu wanataka kuona vitu vidogo sana. <br><br>text: Kwa nini watu wanatumia lenzi za kukuza? <br><br>text: Kwa sababu wanataka kuona vitu vidogo sana. <br><br>text: Kwa nini watu wanatumia lenzi za kukuza? <br><br>text: Kwa sababu wanataka kuona vitu vidogo,exact category accuracy,0,INVALID,13898.08
39,"Haiko peke yake hata hivyo, majaribio, na jaribio ni upimaji ambao hutumiwa kuondoa nadharia moja au mbili zinazowezekana, kuuliza maswali, na kufanya uchunguzi pia huongoza utafiti wa kisayansi.",science/technology,": Tags: science/technology, travel, politics, sports, health, entertainment, geography",exact category accuracy,1,science/technology,2143.46
40,"Hatimaye, magurudumu ya mbao yalibadilishwa na magurudumu ya vyuma. Mnamo 1767, reli za kwanza za vyuma kamili zilianzishwa.",science/technology,: <br><br>text: Kwa nini watu wa Kimasai wanasema kwamba wanataka kuunda serikali ya kidemokrasia? <br><br>text: Kwa sababu wanataka kuunda serikali ya kidemokrasia.,exact category accuracy,0,INVALID,3019.06
41,"Huku kadi nyingi zikiwa nzuri kwa kupiga simu kila mahali, nyingine ni maalumu kwa kutoa gharama za chini za kupiga simu kwa vikundi mahususi vya mataifa.",science/technology,:<br><br>text: Kwa nini unataka kuenda kwenye shule ya msingi ya Kibera? <br><br>category:,exact category accuracy,0,INVALID,2147.69
42,Darubini nyingi za utafiti za kisasa ni vifaa kuu katika maeneo ya mbali yaliyo na hali nzuri za angahewa.,science/technology,:\n\n\n\n\n\n\n\n\n\n\n\n\n\n\n\n\n\n\n\n\n\n\n\n\n\n\n\n\n\n\n\n\n\n\n\n\n\n\n\n\n\n\n\n\n\n\n\n\n\n\n\n\n\n\n\n\n\n\n\n\n\n\n\n\n\n\n\n\n\n\n\n\n\n\n\n\n\n\n\n\n\n\n\n\n\n\n\n\n\n\n\n\n\n\n\n\n\n\n\n\n\n\n\n\n\n\n\n\n\n\n\n\n\n\n\n\n\n\n\n\n\n\n\n\n\n\n\n,exact category accuracy,0,INVALID,13919.84
43,Sindano ya chuma cha pua huelea juu ya maji kwa sababu ya mvuto kwenye uso.,science/technology,: Return only the category. <br>,exact category accuracy,0,INVALID,819.7
44,"Muundo wa 35mm kwa kweli, kwa kiasi Fulani unachanganya, 36mm kwa upana na 24mm kwa urefu.",science/technology,": <br><br><br><br>text: Kwa kweli, kwa kweli, ni lazima tupate udhibiti wa uzalishaji wa chakula ili kupunguza magonjwa ya magonjwa ya moyo. <br><br><br><br>text: Kwa kweli, kwa kweli, tunapaswa kuzingatia uzalishaji wa chakula ili kupunguza magonjwa ya moyo. <br><br><br><br>text: Kwa kweli, kwa kweli, tunapaswa kuzingatia uzalishaji wa chakula ili kupunguza magonjwa ya moyo. <br><br><br><br>text: Kwa kweli, kwa kweli, tunapaswa kuzingatia uzalishaji wa chakula ili kupunguza magonjwa ya moyo. <br><br><br><br>text: Kwa kweli, kwa kweli, tunapaswa kuzingatia uzalishaji wa chakula ili kupunguza magonjwa ya moyo. <br><br><br><br>text: Kwa kweli, kwa kweli, tunapaswa kuzingatia uzalishaji wa chakula ili kupunguza magonjwa ya moyo. <br><br><br><br",exact category accuracy,0,INVALID,13899.49
45,"Seli ni msingi na muhimu kwa kujifunza hali ya maisha, na kwa kweli mara nyingi inatambulika kama vitalu vya kujenga maisha.",science/technology,:<br><br>text: Kwa nini tunapaswa kuzingatia ubora wa elimu katika shule zetu? <br><br>text: Kwa sababu elimu ni muhimu sana kwa maisha ya baadaye.,exact category accuracy,0,INVALID,2576.01
46,Watoaji wa VPN (mtandao pepe wa kibinafsi) ya kibinafsi ni njia bora ya kukwepa uzuiaji wa kisiasa na uchujaji wa kibiashara wa IP kulingana na eneo.,science/technology,: <br><br>text: Kwa nini unataka kutembelea tovuti ya habari ya BBC? <br><br>,exact category accuracy,0,INVALID,1817.64
47,"Kituo kilidumisha mtazamo wake, licha ya upotezaji wa gurudumu tuzi mapema kwenye misheni ya kituo cha angani, hadi mwisho wa matembezi ya angani.",science/technology,: <br><br><br>,exact category accuracy,0,INVALID,783.4
48,"Watu wenye aina hii ya kufikiria wana mawazo ya kimantiki, wanaweza kukariri miundo, kutatua shida na kufanya majaribio ya kisayansi.",science/technology,: Tags: <<text: Kwa nini watu wanasema kwamba wanasayansi wanaweza kuunda vitu vya ajabu? <<classify: science/technology>>,exact category accuracy,1,science/technology,2526.3
49,"Paka mwitu hupenda kula wanyama wadogo. Hushika tumbili, nyoka, panya na ndege kama wanaweza. Karibu wanyama wote ambao paka mwitu huwinda ni wadogo kumliko.",science/technology,:<br><br><br><br><br><br><br><br><br><br><br><br><br><br><br><br><br><br><br><br><br><br><br><br><br><br><br><br><br><br><br><br><br><br><br><br><br><br><br><br><br><br><br><br><br><br><br><br><br><br><br><br><br><br><br><br><br><br><br><br><br><br><br><br>,exact category accuracy,0,INVALID,14205.36
50,"Kamera ingine za muundo wa kati zinatumia muundo wa 6 kwa 6, kwa usahihi 56 kwa 56 hasi.",science/technology,: <br><br>text: Kwa nini ungeenda kwenye safari ya 56 kwa 56? <br><br>category:,exact category accuracy,0,INVALID,2300.56
51,Wasafiri wanashauriwa kwa dhati kujua kuhusu hatari yoyote ya anga mbaya inayoathiri eneo lao kwani huenda ikaathiri mipango yoyote ya usafiri.,travel,": Tags: travel, traveling, traveling advice, traveling tips, traveling with children, traveling with pets, traveling with small children, traveling with young children, traveling with young pets, traveling with young pets, traveling with young pets, traveling with young pets, traveling with young pets, traveling with young pets, traveling with young pets, traveling with young pets, traveling with young pets, traveling with young pets, traveling with young pets, traveling with young pets, traveling with young pets, traveling with young pets, traveling with young pets, traveling with young pets, traveling with young pets, traveling with young pets, traveling with young pets",exact category accuracy,1,travel,14315.68
52,"Mabasi huondoka kituo cha basi cha kati ya mawilaya (upande mwingine wa mto) siku nzima, ingawa mengi, haswa yale yanaoelekea mashariki na Jakar / Bumthang huondoka kati ya saa 6 na dakika 30 na saa 7 na dakika 30.",travel,: <br><br>text: Kwa nini unataka kuenda kwenye shule ya msingi? <br><br>,exact category accuracy,0,INVALID,1802.0
53,Zinampa mpanda farasi utulivu mkubwa lakini zinaweza kuwa na wasiwasi wa kiusalama kwa sababu ya uwezo wa miguu ya mpanda farasi kukwama ndani yake.,travel,:' <br><br>,exact category accuracy,0,INVALID,622.52
54,"Nyingi ya safari za Baltic huwa na kukaa kwa muda mrefu katika St. Petersburg, Urusi.",travel,: Return only the category. <br>,exact category accuracy,0,INVALID,827.67
55,"Ushauri huo unachukulia kuwa wasafiri hawaibi, hawana uingiliaji, hawashiriki katika soko haramu, hawaombi, au kunyonya watu wengine kwa faida yao.",travel,: Return only the category. <br>,exact category accuracy,0,INVALID,840.92
56,Kuna mambo mengi sana unayofaa kutilia maanani kabla na wakati wa kusafiri mahali.,travel,: Return only the category. <br>text: Kwa nini unataka kujua ni nini? <br>category: <br>text: Kwa sababu ni muhimu sana. <br>category: <br>text: Kwa nini? <br>category: <br>text: Kwa sababu ni muhimu sana. <br>category: <br>text: Kwa nini? <br>category: <br>text: Kwa sababu ni muhimu sana. <br>category: <br>text: Kwa nini? <br>category: <br>text: Kwa sababu ni muhimu sana. <br>category: <br>text: Kwa nini? <br>category: <br>text: Kwa sababu ni muhimu sana. <br>category: <br>text: Kwa nini? <br>category: <br>text: Kwa sababu ni muhimu sana. <br>,exact category accuracy,0,INVALID,13813.61
57,"Katika joto la siku, wasafiri wanaweza kuona mazigazi ambayo hutoa dhana ya maji (au vitu vingine).",travel,: <br><br>text: Kwa nini wasafiri wanaweza kuona mazigazi ambayo hutoa dhana ya maji (au vitu vingine)?<br><br>text: Kwa nini wasafiri wanaweza kuona mazigazi ambayo hutoa dhana ya maji (au vitu vingine)?<br><br>text: Kwa nini wasafiri wanaweza kuona mazigazi ambayo hutoa dhana ya maji (au vitu vingine)?<br><br>text: Kwa nini wasafiri wanaweza kuona mazigazi ambayo hutoa dhana ya maji (au vitu vingine)?<br><br>text: Kwa nini wasafiri wanaweza kuona mazigazi ambayo hutoa dhana ya maji (au vitu vingine)?<br><br>text: Kwa nini wasafiri wanaweza kuona mazigazi ambayo hutoa dhana ya maji (au vitu vingine)?<br><br>text: Kwa nini wasafiri wanaweza kuona mazigazi ambayo hutoa dhana ya maji (au vitu vingine)?<br,exact category accuracy,0,INVALID,13908.88
58,"Familia zilizo na watoto si jambo la kawaida, lakini baadhi ya hosteli huwaruhusu katika vyumba vya kibinafsi.",travel,:\n\n\n\n\n\n\n\n\n\n\n\n\n\n\n\n\n\n\n\n\n\n\n\n\n\n\n\n\n\n\n\n\n\n\n\n\n\n\n\n\n\n\n\n\n\n\n\n\n\n\n\n\n\n\n\n\n\n\n\n\n\n\n\n\n\n\n\n\n\n\n\n\n\n\n\n\n\n\n\n\n\n\n\n\n\n\n\n\n\n\n\n\n\n\n\n\n\n\n\n\n\n\n\n\n\n\n\n\n\n\n\n\n\n\n\n\n\n\n\n\n\n\n\n\n\n\n\n,exact category accuracy,0,INVALID,14255.98
59,"Kwa mfano, kutembelea ngome katika Bonde la Loire, Bonde la Rhine au kusafiri katika maeneo ya kuvutia kwa Danube au kusafiri kwa mashua upande wa Mfereji wa Erie.",travel,":<br><br>text: Kwa mfano, kutembelea ngome katika Bonde la Loire, Bonde la Rhine au kusafiri kwa mashua upande wa Mfereji wa Erie. <br><br>",exact category accuracy,0,INVALID,3010.61
60,Inaweza kuwa afadhali kutumia wakala ambaye huhifadhi safari sawa na yako kila wakati.,travel,: <br><br><br><br><br><br><br><br><br><br><br><br><br><br><br><br><br><br><br><br><br><br><br><br><br><br><br><br><br><br><br><br><br><br><br><br><br><br><br><br><br><br><br><br><br><br><br><br><br><br><br><br><br><br><br><br><br><br><br><br><br><br><br><br,exact category accuracy,0,INVALID,13975.27
61,Kulala kwenye nyumba za watu kwa muda kulianzishwa mnamo Januari 2004 baada ya mtengenezaji wa programu za kompyuta Casey Fenton kupata safari ya ndege ya bei nafuu kuelekea Aislandi lakini hakuwa na mahali pa kukaa.,travel,: <br><br>text: Kwa nini unataka kuenda Aislandi? <br><br>,exact category accuracy,0,INVALID,1723.67
62,Kwa jumla visa za wanafunzi huwa na mahitaji na utaratibu wa maombi tofauti na visa za kawaida za kitalii au kibiashara.,travel,: Return only the category. <br>,exact category accuracy,0,INVALID,812.08
63,Kila nchi pia ina sheria za kipekee zinazotaja ni vifaa vipi vya dharura unavyohitaji kuwa navyo garini mwako.,travel,: Return only the category. <br>,exact category accuracy,0,INVALID,810.56
64,"Ingawa mashirika mengi ya uwakala yako tayari kufanya uhifadhi mwingi wa kawaida, mawakala wengi hushughulika na aina maalum za usafiri, masafa ya bajeti au mahali pa kwenda.",travel,: <br><br><br><br><br><br><br><br><br><br><br><br><br><br><br><br><br><br><br><br><br><br><br><br><br><br><br><br><br><br><br><br><br><br><br><br><br><br><br><br><br><br><br><br><br><br><br><br><br><br><br><br><br><br><br><br><br><br><br><br><br><br><br><br,exact category accuracy,0,INVALID,13897.41
65,Wasafiri wanaweza kukutana na wadudu wa wanyama ambao hawawatambui kutoka maeneo yao ya nyumbani.,travel,: Return only the category. <<text: Kwa nini wadudu wa wanyama hawataki kukaa na wasafiri? <<category: <<text: Kwa sababu wadudu wa wanyama hawajui lugha ya binadamu. <<category: <<text: Kwa nini wadudu wa wanyama hawataki kukaa na wasafiri? <<category: <<text: Kwa sababu wadudu wa wanyama hawajui lugha ya binadamu. <<category: <<text: Kwa nini wadudu wa wanyama hawataki kukaa na wasafiri? <<category: <<text: Kwa sababu wadudu wa wanyama hawajui lugha ya binadamu. <<category: <<text: Kwa nini wadudu wa wanyama hawataki kukaa na wasafiri? <<category: <<text: Kwa sababu wadudu wa wanyama hawajui lugha ya binadamu. <<category: <<text: Kwa nini wadudu wa wanyama hawataki kukaa na wasafiri?,exact category accuracy,0,INVALID,13752.28
66,"Pia upande wa kaskazini tembelea Hekalu la Mama Yetu Fatima (Madhabahu), mahali maarufu duniani pa maonyesho ya Maria.",travel,: <br><br>text: Kwa nini unataka kutembelea Hekalu la Mama Yetu Fatima? <br><br><br>text: Kwa sababu ni mahali maarufu sana duniani. <br><br><br>text: Kwa nini unataka kutembelea Hekalu la Mama Yetu Fatima? <br><br><br>text: Kwa sababu ni mahali maarufu sana duniani. <br><br><br>text: Kwa nini unataka kutembelea Hekalu la Mama Yetu Fatima? <br><br><br>text: Kwa sababu ni mahali maarufu sana duniani. <br><br><br>text: Kwa nini unataka kutembelea Hekalu la Mama Yetu Fatima? <br><br><br>text: Kwa sababu ni mahali maarufu sana duniani. <br><br><br>text: Kwa nini unataka kutembelea Hekalu la Mama Yetu Fatima? <br><br><br>text: Kwa sababu ni,exact category accuracy,0,INVALID,14162.17
67,Unaweza kutumia boda-boda (teksi ya pikipiki) kuzunguka Goma. Nauli ya kawaida kwa wenyeji ni Franki 500 za Kongo kwa safari fupi.,travel,: <br><br><br><br><br><br><br><br><br><br><br><br><br><br><br><br><br><br><br><br><br><br><br><br><br><br><br><br><br><br><br><br><br><br><br><br><br><br><br><br><br><br><br><br><br><br><br><br><br><br><br><br><br><br><br><br><br><br><br><br><br><br><br><br,exact category accuracy,0,INVALID,13747.05
68,"Kwa wale ambao hufurahia shughuli za nje, matembezi kwenye korido toka Baharini hadi Angani ni muhimu.",travel,": <br>text: Kwa wale ambao hufurahia shughuli za nje, matembezi kwenye korido toka Baharini hadi Angani ni muhimu. <br><br>text: Kwa wale ambao hufurahia shughuli za nje, matembezi kwenye korido toka Baharini hadi Angani ni muhimu. <br><br>text: Kwa wale ambao hufurahia shughuli za nje, matembezi kwenye korido toka Baharini hadi Angani ni muhimu. <br><br>text: Kwa wale ambao hufurahia shughuli za nje, matembezi kwenye korido toka Baharini hadi Angani ni muhimu. <br><br>text: Kwa wale ambao hufurahia shughuli za nje, matembezi kwenye korido toka Baharini hadi Angani ni muhimu. <br><br>text: Kwa wale ambao hufurahia shughuli za nje, matembezi kwenye korido toka Baharini hadi Angani ni muhimu. <br><br>text: Kwa wale ambao hufurahia shughuli za nje, matembezi kwenye korido toka Baharini",exact category accuracy,0,INVALID,14058.74
69,"Safari ya miguu (ijulikanayo kama ""matembezi kichakani"", ""safari ya kukwea"", au kwenda ""kwa miguu"") hujumuisha ukweaji, iwe kwa saa chache au siku kadhaa.",travel,: <br><br>text: Kwa nini unataka kuenda kwa miguu? <br><br><br><br>text: Kwa sababu ni rahisi sana. <br><br><br><br>text: Kwa nini unataka kuenda kwa miguu? <br><br><br><br>text: Kwa sababu ni rahisi sana. <br><br><br><br>text: Kwa nini unataka kuenda kwa miguu? <br><br><br><br>text: Kwa sababu ni rahisi sana. <br><br><br><br>text: Kwa nini unataka kuenda kwa miguu? <br><br><br><br>text: Kwa sababu ni rahisi sana. <br><br><br><br>text: Kwa nini unataka kuenda kwa miguu? <br><br><br><br>text: Kwa sababu ni rahisi sana,exact category accuracy,0,INVALID,14184.32
70,"Njia pekee ya kuipitisha kwa haraka ilikuwa kuituma kama mzigo uliokaguliwa. Kanuni za kampuni za ndege hazitazikubalia kutuma mzigo bila abiria, ambapo ndipo unaingilia.",travel,: <br><br><br><br><br><br><br><br><br><br><br><br><br><br><br><br><br><br><br><br><br><br><br><br><br><br><br><br><br><br><br><br><br><br><br><br><br><br><br><br><br><br><br><br><br><br><br><br><br><br><br><br><br><br><br><br><br><br><br><br><br><br><br><br,exact category accuracy,0,INVALID,13959.56
71,"Mwongezo wa 300 unaleta jumla ya magari 1,300 kutafutwa ili kupunguza msongamano.",travel,: <br><br><br><br><br><br><br><br><br><br><br><br><br><br><br><br><br><br><br><br><br><br><br><br><br><br><br><br><br><br><br><br><br><br><br><br><br><br><br><br><br><br><br><br><br><br><br><br><br><br><br><br><br><br><br><br><br><br><br><br><br><br><br><br,exact category accuracy,0,INVALID,14587.8
72,"Huenda familia zilizo na watoto wadogo zikahitaji matayarisho mengi, lakini siku moja nje inawezekana kwa urahisi hata kukiwa na watoto wachanga na wale walio karibu kwenda shuleni.",travel,: <br><br>text: Kwa nini watoto wadogo wanahitaji matayarisho mengi? <br><br>category: <br><br>text: Kwa nini watoto wadogo wanahitaji matayarisho mengi? <br><br>category: <br><br>text: Kwa nini watoto wadogo wanahitaji matayarisho mengi? <br><br>category: <br><br>text: Kwa nini watoto wadogo wanahitaji matayarisho mengi? <br><br>category: <br><br>text: Kwa nini watoto wadogo wanahitaji matayarisho mengi? <br><br>category: <br><br>text: Kwa nini watoto wadogo wanahitaji matayarisho mengi? <br><br>category: <br><br>text: Kwa nini watoto wadogo wanahitaji matayarisho mengi? <br><br>category: <br,exact category accuracy,0,INVALID,14350.73
73,"Yeyote ambaye atakuwa akiendesha gari maeneo yaliyoinuka au vijia vya milimani anastahili kuzingatia uwezekano wa theluji, barafu, na baridi kali.",travel,":, <<text: Kwa nini unataka kuenda kwenye safari ya safari? >>, <<text: Kwa sababu ninataka kuona wanyama wa porini. >>, <<text: Kwa nini unataka kuenda kwenye safari ya safari? >>, <<text: Kwa sababu ninataka kuona wanyama wa porini. >>, <<text: Kwa nini unataka kuenda kwenye safari ya safari? >>, <<text: Kwa sababu ninataka kuona wanyama wa porini. >>, <<text: Kwa nini unataka kuenda kwenye safari ya safari? >>, <<text: Kwa sababu ninataka kuona wanyama wa porini. >>, <<text: Kwa nini unataka kuenda kwenye safari ya safari? >>, <<text: Kwa sababu ninataka kuona wanyama wa porini. >>, <<text: Kwa nini unataka kuenda kwenye safari ya safari? >>, <<text: Kwa sababu ninataka kuona wanyama wa porini. >>, <<text: Kwa nini unataka kuenda kwenye safari ya safari",exact category accuracy,0,INVALID,14345.44
74,"Leo hii, Timbuktu ni mji maskini, ingawa sifa zake huufanya kivutio cha watalii, na pia kuna uwanja wa ndege.",travel,: <br><br><br><br><br><br><br><br><br><br><br><br><br><br><br><br><br><br><br><br><br><br><br><br><br><br><br><br><br><br><br><br><br><br><br><br><br><br><br><br><br><br><br><br><br><br><br><br><br><br><br><br><br><br><br><br><br><br><br><br><br><br><br><br,exact category accuracy,0,INVALID,14349.29
75,"Wakati wa barafu nyingi, barafu ya kutosha kukufanya ukwame inaweza kuanguka kwa muda mfupi.",travel,: <br><br><br><br><br><br><br><br><br><br><br><br><br><br><br><br><br><br><br><br><br><br><br><br><br><br><br><br><br><br><br><br><br><br><br><br><br><br><br><br><br><br><br><br><br><br><br><br><br><br><br><br><br><br><br><br><br><br><br><br><br><br><br><br,exact category accuracy,0,INVALID,14563.67
76,"Ikiwa unataka kusafiri kuzunguka ulimwengu katika Kizio cha Kusini, machaguo ya ndege na mahali si mengi kwa sababu ya ukosefu wa ndege zinazosafiri kuvuka bahari.",travel,: <br><br>text: Kwa nini unataka kutembelea nchi za Afrika? <br><br>category: <br>,exact category accuracy,0,INVALID,2274.26
77,"Kampuni za ndege kama vile Emirates, Etihad Airways, Qatar Airways na Turkish Airlines zimepanua huduma zao pakubwa katika Afrika, na hutoa miunganisho kwenye miji mingi muhimu ya Afrika kwa bei bora kuliko kampuni nyingine za Uingereza.",travel,: <br><br>text: Kwa nini unataka kujua? <br><br><br>,exact category accuracy,0,INVALID,1730.91
78,"Hakuna usafiri wa ziada unaowekwa na treni za juu ya ardhi hazitasimama huko Wembley, na maegesho ya magari na vituo vya kuegesha na kusafiri havipatikani huko.",travel,: <br><br><br><br><br><br><br><br><br><br><br><br><br><br><br><br><br><br><br><br><br><br><br><br><br><br><br><br><br><br><br><br><br><br><br><br><br><br><br><br><br><br><br><br><br><br><br><br><br><br><br><br><br><br><br><br><br><br><br><br><br><br><br><br,exact category accuracy,0,INVALID,14190.06
79,"Kwa ujumla, kukaa kwenye nchi ya kigeni kwa muda mrefu zaidi kunahitaji upate visa mapema.",travel,": Travel. </b> <b>text: Kwa kweli, ni lazima tupate visa mapema ili tuweze kukaa kwenye nchi ya kigeni kwa muda mfupi. </b><b>text: Kwa kweli, ni lazima tupate visa mapema ili tuweze kukaa kwenye nchi ya kigeni kwa muda mfupi. </b><b>text: Kwa kweli, ni lazima tupate visa mapema ili tuweze kukaa kwenye nchi ya kigeni kwa muda mfupi. </b><b>text: Kwa kweli, ni lazima tupate visa mapema ili tuweze kukaa kwenye nchi ya kigeni kwa muda mfupi. </b><b>text: Kwa kweli, ni lazima tupate visa mapema ili tuweze kukaa kwenye nchi ya kigeni kwa muda mfupi. </b><b>text: Kwa kweli, ni lazima tupate visa mapema ili tuweze kukaa kwenye nchi ya kigeni kwa muda mfupi. </b><b>text: Kwa kweli, ni lazima tupate visa mapema ili tuweze kukaa kwenye nchi ya kigeni kwa muda mfupi. </b><",exact category accuracy,1,travel,14612.94
80,Kila treni ina kochi za MetroPlus na Metro; kila wakati kochi za MetroPlus huwa katika upande wa treni ulioko karibu na Cape Town.,travel,: <br><br>text: Kwa nini unataka kuenda kwenye shule ya msingi? <br><br>category: <br><br>text: Kwa nini unataka kuenda kwenye shule ya msingi? <br><br>category: <br><br>text: Kwa nini unataka kuenda kwenye shule ya msingi? <br><br>category: <br><br>text: Kwa nini unataka kuenda kwenye shule ya msingi? <br><br>category: <br><br>text: Kwa nini unataka kuenda kwenye shule ya msingi? <br><br>category: <br><br>text: Kwa nini unataka kuenda kwenye shule ya msingi? <br><br>category: <br><br>text: Kwa nini unataka kuenda kwenye shule ya msingi? <br><br>category: <br><br>text:,exact category accuracy,0,INVALID,14232.88
81,Kila mtu hushiriki katika jamii na kutumia mifumo ya uchukuzi. Karibu kila mtu hulalamika kuhusu mifumo ya uchukuzi.,travel,:<br><br>text: Kwa nini watu wanalalamika kuhusu mifumo ya uchukuzi? <br><br>category:,exact category accuracy,0,INVALID,2101.11
82,"Kwa kuwa maeneo hayo hayana idadi kubwa ya watu, na uchafuzi kidogo aghalabu huwa si tatizo, pia utaweza kufuruhia nyota.",travel,": <br><br>text: Kwa kuwa kuna watu wengi katika maeneo hayo, uchafuzi ni tatizo kubwa. <br><br>category:",exact category accuracy,0,INVALID,2286.69
83,Mahitaji na gharama ya visa hutofautiana toka nchi hadi nchi na huathiriwa na nchini unakotoka.,travel,: Return only the category. <br>,exact category accuracy,0,INVALID,822.79
84,"Kuongea kwa jumla, hakuna haja ya hata kutafuta vipunguzo kwa biashara au viti vya daraja la kwanza katika safari za ndege za moja kwa moja toka A hadi B.",travel,: <br><br><br><br><br><br><br><br><br><br><br><br><br><br><br><br><br><br><br><br><br><br><br><br><br><br><br><br><br><br><br><br><br><br><br><br><br><br><br><br><br><br><br><br><br><br><br><br><br><br><br><br><br><br><br><br><br><br><br><br><br><br><br><br,exact category accuracy,0,INVALID,13462.8
85,Utupaji wa bumarengi ni ujuzi maarufu ambao watalii wengi wanataka kupata.,travel,: Return only the category. <<text: Kwa nini unataka kujua ni nini kilichotokea? <<category:>,exact category accuracy,0,INVALID,1768.75
86,Safari hii ya ndege siyo chaguo la pekee kama unataka kuruka Pasifiki Kusini na pwani ya magharibi ya Marekani Kusini. (tazama chini),travel,: <br><br>text: Kwa nini unataka kuenda Pasifiki Kusini? <br><br>category: <br><br>text: Kwa sababu ni sehemu ya dunia ambayo ina historia ya kupita kiasi. <br><br>category: <br><br>text: Kwa nini unataka kuenda Pasifiki Kusini? <br><br>category: <br><br>text: Kwa sababu ni sehemu ya dunia ambayo ina historia ya kupita kiasi. <br><br>category: <br><br>text: Kwa nini unataka kuenda Pasifiki Kusini? <br><br>category: <br><br>text: Kwa sababu ni sehemu ya dunia ambayo ina historia ya kupita kiasi. <br><br>category: <br><br>text: Kwa nini unataka kuenda Pasifiki Kusini? <br><br>category: <,exact category accuracy,0,INVALID,13554.31
87,"San Francisko imekuza miundombinu kubwa ya watalii ambayo ni hoteli mikahawa, na vifaa vingi, vya kongamano vya hali ya juu.",travel,: <br><br><br><br><br><br><br><br><br><br><br><br><br><br><br><br><br><br><br><br><br><br><br><br><br><br><br><br><br><br><br><br><br><br><br><br><br><br><br><br><br><br><br><br><br><br><br><br><br><br><br><br><br><br><br><br><br><br><br><br><br><br><br><br,exact category accuracy,0,INVALID,13942.34
88,Kujitolea wakati wa kusafiri ni njia nzuri ya kuleta mabadiliko lakini si kuhusu utoaji tu.,travel,: Return only the category. <br>,exact category accuracy,0,INVALID,808.03
89,Huenda watu wasitarajie kwamba uvumilivu na ufahamu pia ni muhimu kwa wasafiri wanaorudi nyumbani.,travel,: <br><br><br><br><br><br><br><br><br><br><br><br><br><br><br><br><br><br><br><br><br><br><br><br><br><br><br><br><br><br><br><br><br><br><br><br><br><br><br><br><br><br><br><br><br><br><br><br><br><br><br><br><br><br><br><br><br><br><br><br><br><br><br><br,exact category accuracy,0,INVALID,13750.61
90,"Usisahau kuongeza gharama za ziada za visa za ziada, ushuru wa kuondoka, usafiri kwenye ardhi, n.k., kwa sehemu hizo zote nje ya Afrika.",travel,:<br><br><br>,exact category accuracy,0,INVALID,722.02
91,Wakaaji kadhaa wa Bishkek waliwalaumu waandamanaji kutoka kusini kwa uvunjaji huo wa sheria.,politics,: Return only the category. <br>,exact category accuracy,0,INVALID,862.98
92,Baadhi ya sehemu za sasa za Ubelgiji zilikuwa sehemu ya Lusembagi zamani lakini zikawa za Kibelgiji baada ya Mapinduzi ya Kibelgiji ya 1830.,politics,: <br><br><br><br><br><br><br><br><br><br><br><br><br><br><br><br><br><br><br><br><br><br><br><br><br><br><br><br><br><br><br><br><br><br><br><br><br><br><br><br><br><br><br><br><br><br><br><br><br><br><br><br><br><br><br><br><br><br><br><br><br><br><br><br,exact category accuracy,0,INVALID,13677.65
93,"Tangu 1988, ni lazima masanduku ya kura yawe maangavu ili wapigaji kura na wachunguzi waweze kushuhudia kwamba hakuna bahasha zinazoongezwa isipokuwa zile za wapigaji kura waliohesabiwa na kuidhinishwa.",politics,: <br><br><br><br><br><br><br><br><br><br><br><br><br><br><br><br><br><br><br><br><br><br><br><br><br><br><br><br><br><br><br><br><br><br><br><br><br><br><br><br><br><br><br><br><br><br><br><br><br><br><br><br><br><br><br><br><br><br><br><br><br><br><br><br,exact category accuracy,0,INVALID,13873.28
94,Kaimu Waziri Mkuu Julia Gillard alidai wakati wa kampeni ya uchaguzi wa ushirika wa 2010 kwamba aliamini Australia inafaa kuwa jamhuri mwishoni mwa utawala wa Malkia Elizabeth II.,politics,:. <br> <br>,exact category accuracy,0,INVALID,660.8
95,Serikali ya Ayalandi inasisitiza dharura ya sheria za bunge ili kurekebisha hali.,politics,: Return only the category. </b>,exact category accuracy,0,INVALID,794.61
96,Hoja za kidiplomasia dhidi ya eneo hilo zinaendelea kutatiza uhusiano kati ya Armenia na Azerbaian.,politics,: <br><br><br><br><br><br><br><br><br><br><br><br><br><br><br><br><br><br><br><br><br><br><br><br><br><br><br><br><br><br><br><br><br><br><br><br><br><br><br><br><br><br><br><br><br><br><br><br><br><br><br><br><br><br><br><br><br><br><br><br><br><br><br><br,exact category accuracy,0,INVALID,13585.44
97,"Waziri Mkuu Stephen Harper amekubali kutuma ‘Mkataba wa Hewa Safi’ wa serikali kwa kamati ya vyama vyote kwa ukaguzi, kabla ya kusomwa kwake kwa mara ya pili, baada ya mkutano wa Jumanne wa dakika 25 na kiongozi wa NDP Jack Layton kwenye PMO.",politics,: <br><br><br><br><br><br><br><br><br><br><br><br><br><br><br><br><br><br><br><br><br><br><br><br><br><br><br><br><br><br><br><br><br><br><br><br><br><br><br><br><br><br><br><br><br><br><br><br><br><br><br><br><br><br><br><br><br><br><br><br><br><br><br><br,exact category accuracy,0,INVALID,13655.28
98,"Mwezi uliopita, kulikuwa na maandamano makubwa huko Poland wakati nchi hiyo ilisaini Mkataba wa Kupambana na Biashara za Bidhaa Bandia, ambao umesababisha serikali ya Polandi kuamua kutoidhinisha makubaliano hayo, kwa sasa.",politics,: <br><br><br><br><br><br><br><br><br><br><br><br><br><br><br><br><br><br><br><br><br><br><br><br><br><br><br><br><br><br><br><br><br><br><br><br><br><br><br><br><br><br><br><br><br><br><br><br><br><br><br><br><br><br><br><br><br><br><br><br><br><br><br><br,exact category accuracy,0,INVALID,13918.85
99,Ushauri ni muhtasari mfupi tu wa hali ya kisiasa katika nchi moja.,politics,: Return only the category. <<text: Kwa nini unataka kujua? <<category: <<text: Kwa sababu ni muhimu sana kwa maendeleo ya nchi yetu. <<category: <<text: Kwa nini unataka kujua? <<category: <<text: Kwa sababu ni muhimu sana kwa maendeleo ya nchi yetu. <<category: <<text: Kwa nini unataka kujua? <<category: <<text: Kwa sababu ni muhimu sana kwa maendeleo ya nchi yetu. <<category: <<text: Kwa nini unataka kujua? <<category: <<text: Kwa sababu ni muhimu sana kwa maendeleo ya nchi yetu. <<category: <<text: Kwa nini unataka kujua? <<category: <<text: Kwa sababu ni muhimu sana kwa maendeleo ya nchi yetu. <<category: <<text: Kwa nini unataka kujua? <<category: <<text: Kwa sababu ni muhimu sana kwa maendeleo ya nchi yetu. <<category:,exact category accuracy,0,INVALID,14073.15
100,"Wakati wa uteuzi wa 1976, alimshauri Carter kuhusu sera ya nje, kisha akafanya kazi kama Mshauri wa Usalama wa Kitaifa (NSA) kutoka 1977 hadi 1981, na alichukua hatamu kutoka kwa Henry Kissinger.",politics,: <br><br>text: Kwa nini unataka kujua? <br><br>,exact category accuracy,0,INVALID,1501.19
101,"Uturuki ilikua yachukua ulinzi wa wapiganaji wa ISIS waliotekwa ambao, tangazo lilisema kuwa, nchi za Ulaya zilikataa kurudi.",politics,: <br><br>text: Kwa nini ni muhimu kuzingatia ubora wa elimu katika shule za msingi? <br><br><br>text: Kwa nini ni muhimu kuzingatia ubora wa elimu katika shule za msingi? <br><br><br>text: Kwa nini ni muhimu kuzingatia ubora wa elimu katika shule za msingi? <br><br><br>text: Kwa nini ni muhimu kuzingatia ubora wa elimu katika shule za msingi? <br><br><br>text: Kwa nini ni muhimu kuzingatia ubora wa elimu katika shule za msingi? <br><br><br>text: Kwa nini ni muhimu kuzingatia ubora wa elimu katika shule za msingi? <br><br><br>text: Kwa nini ni muhimu kuzingatia ubora wa elimu katika shule za msingi? <br><br><br>text: Kwa nini ni muhimu kuzingatia ubora wa elimu katika shule za msingi? <br><br><br>text: Kwa nini ni muhimu ku,exact category accuracy,0,INVALID,14029.57
102,"Hata hivyo, mipango hii ilipitwa na wakati usiku mmoja, wakati zaidi ya askari 800,000 kutoka Jeshi Jekundu la Umoja wa Kisovyeti lilipoingia na kuunda mipaka ya Belarusiani na Ukreini baada ya kuvamia maeneo ya mashariki mwa Polandi kwa kukiuka Mkataba wa Amani wa Riga, Mapatano ya Kisovyeti-Polishi Yasiyo ya Uchokozi, na mikataba mingine ya kimataifa, pande mbili na pande nyingi.",politics,": <br><br>text: Kwa hivyo, ni lazima tujue kwamba ni lazima tupate njia ya kulinda mipaka yetu ya kimataifa. <br><br><br>text: Kwa hivyo, ni lazima tujue kwamba ni lazima tupate njia ya kulinda mipaka yetu ya kimataifa. <br><br><br>text: Kwa hivyo, ni lazima tujue kwamba ni lazima tupate njia ya kulinda mipaka yetu ya kimataifa. <br><br><br>text: Kwa hivyo, ni lazima tujue kwamba ni lazima tupate njia ya kulinda mipaka yetu ya kimataifa. <br><br><br>text: Kwa hivyo, ni lazima tujue kwamba ni lazima tupate njia ya kulinda mipaka yetu ya kimataifa. <br><br><br>text: Kwa hivyo, ni lazima tujue kwamba ni lazima tupate njia ya kulinda mipaka yetu ya kimataifa. <br><br><br>text: Kwa hivyo, ni lazima tujue kwamba ni lazima",exact category accuracy,0,INVALID,13679.49
103,"Kufuatia mfumo huu, HJR-3 itakaguliwa tena na bunge litakaloteuliwa mnamo mwaka 2015 au 2016 ili kubaki katika mchakato.",politics,: <br><br><br>,exact category accuracy,0,INVALID,755.23
104,"Baada ya kukubaliwa na Kongresi mnamo Julai 4, rasimu iliyoandikwa kwa hati ya mkono na kutiwa sahihi na Rais wa Kongresi John Hancock na Katibu Charles Thomson ilitumwa vitalu vichache kwa duka la uchapishaji la John Dunlap.",politics,: <br><br>text: Kwa nini unataka kujua? <br><br>,exact category accuracy,0,INVALID,1421.42
105,"Muda mfupi baada ya saa 5, waandamanaji walizuia trafiki kwenye njia ya kuelekea kaskazini katika Whitehall.",politics,: Return to the topic. <br><br><br><br><br><br><br><br><br><br><br><br><br><br><br><br><br><br><br><br><br><br><br><br><br><br><br><br><br><br><br><br><br><br><br><br><br><br><br><br><br><br><br><br><br><br><br><br><br><br><br><br><br><br><br><br><br><br><br><br><br><br>,exact category accuracy,0,INVALID,13843.6
106,"Hata hivyo, mnamo Juni 1956, ahadi za Kruschev ziliwekwa katika jaribio wakati maandamano katika Polandi, ambapo wafanyakazi walikuwa wakipinga upungufu wa chakula na kukatwa kwa mishahara, yaligeuka kuwa maandamano ya jumla dhidi ya Ukomunisti.",politics,: <br><br><br><br><br><br><br><br><br><br><br><br><br><br><br><br><br><br><br><br><br><br><br><br><br><br><br><br><br><br><br><br><br><br><br><br><br><br><br><br><br><br><br><br><br><br><br><br><br><br><br><br><br><br><br><br><br><br><br><br><br><br><br><br,exact category accuracy,0,INVALID,13728.43
107,"Ilikuwa idumu kwa miaka 40 ijayo na ingepigwa kwa kweli na vikosi vya kiwakala, katika nyanja za vita toka Afrika hadi Asia, katika Afghanistani, Kuba na sehemu nyingine nyingi",politics,: <br><br>text: Kwa nini unataka kujua? <br><br>,exact category accuracy,0,INVALID,1482.78
108,Mwezi uliopita tume ya rais ilipendekeza kujiuzulu kwa CEP iliyotangulia kama sehemu ya kifurushi cha hatua za kusogeza nchi kuelekea uchaguzi mpya.,politics,: Return only the category. </b>,exact category accuracy,0,INVALID,834.2
109,Mada nyingine zilizoshughulikiwa inaripotiwa zinatia ndani hali ya baadaye ya Yerusalemu ambayo ni takatifu kwa mataifa yote mawili na suala la Bonde la Yordani.,politics,: Return only the category. <br>,exact category accuracy,0,INVALID,838.3
110,Pia haikuwa na mamlaka ya kupuuza sheria na orodha za ushuru kati ya majimbo.,politics,: Return only the category. <br>,exact category accuracy,0,INVALID,801.58
111,Sheria ya uchaguzi ya Ufaransa badala yake hupanga kesi hiyo kwenye msimbo. Madhubuti.,politics,: <br><br><br><br><br><br><br><br><br><br><br><br><br><br><br><br><br><br><br><br><br><br><br><br><br><br><br><br><br><br><br><br><br><br><br><br><br><br><br><br><br><br><br><br><br><br><br><br><br><br><br><br><br><br><br><br><br><br><br><br><br><br><br><br,exact category accuracy,0,INVALID,13747.19
112,"Baada ya wiki ya kushindwa katika uchaguzi wa nusu muhula, Bush aliambia hadhira kuhusu upanuzi wa biashara katika Asia.",politics,: <br><br><br><br><br><br><br><br><br><br><br><br><br><br><br><br><br><br><br><br><br><br><br><br><br><br><br><br><br><br><br><br><br><br><br><br><br><br><br><br><br><br><br><br><br><br><br><br><br><br><br><br><br><br><br><br><br><br><br><br><br><br><br><br,exact category accuracy,0,INVALID,14088.45
113,"Mkakati ulikuwa na ufanisi, kukatisha vifaa muhimu vya kijeshi na kiraia, ingawa kizuizi hiki kilikiuka sheria ya kimataifa ambayo inakubaliwa kwa jumla iliyoratibiwa na mikataba kadhaa ya kimataifa katika karne mbili zilizopita.",politics,: <br><br>text: Kwa nini tunapaswa kuzingatia ubora wa elimu katika shule zetu? <br><br>category:,exact category accuracy,0,INVALID,2183.03
114,Viungo vya kiuchumi vimeanzishwa tena kati ya sehemu hizi mbili za Moldova licha ya kutofaulu kwa majadiliano ya kisiasa.,politics,: <br><br>text: Kwa nini unataka kujua? <br><br><br>text: Kwa sababu ninataka kujua ni nini kinaendelea. <br><br>text: Kwa nini unataka kujua? <br><br><br>text: Kwa sababu ninataka kujua ni nini kinaendelea.,exact category accuracy,0,INVALID,4586.95
115,"Akiongozana na maafisa hao, alihakikishia wananchi wa Texas kuwa hatua zilikua zinachukuliwa kulinda usalama wa umma.",politics,: Return only the category. <br><br>text: Kwa nini unataka kujua habari za habari za leo? <br>category: <br>,exact category accuracy,0,INVALID,2438.03
116,Ukosoaji huru wa juhudi za ujenzi upya umezingatia utoaji wa kandarasi za ujenzi upya kwa wajuzi wanaodhaniwa wa Washington.,politics,: <br><br><br><br><br><br><br><br><br><br><br><br><br><br><br><br><br><br><br><br><br><br><br><br><br><br><br><br><br><br><br><br><br><br><br><br><br><br><br><br><br><br><br><br><br><br><br><br><br><br><br><br><br><br><br><br><br><br><br><br><br><br><br><br,exact category accuracy,0,INVALID,13610.56
117,"Kwa watu 1,400 waliopiga kura ya maoni kabla ya uchaguzi wa 2010 wa shirikisho, wale wanaopinga Australia kuwa jamhuri waliongezeka kwa asilimia 8 tangu mwaka wa 2008.",politics,: <br><br>text: Kwa nini watu wa Australia wanapinga kuwa jamhuri? <br><br><br><br><br><br><br><br><br><br><br><br><br><br><br><br><br><br><br><br><br><br><br><br><br><br><br><br><br><br><br><br><br><br><br><br><br><br><br><br><br><br><br>text: Kwa nini watu wa Australia wanapinga kuwa jamhuri? <br><br><br><br><br><br><br><br><br><br><br><,exact category accuracy,0,INVALID,13826.88
118,Wanadiplomasia walisema kwamba walipata tata za kutosha katika katiba ya Kiafgani kuamua kwamba duru ya pili ya uchaguzi haikuwa ya lazima.,politics,: <br><br><br><br><br><br><br><br><br><br><br><br><br><br><br><br><br><br><br><br><br><br><br><br><br><br><br><br><br><br><br><br><br><br><br><br><br><br><br><br><br><br><br><br><br><br><br><br><br><br><br><br><br><br><br><br><br><br><br><br><br><br><br><br,exact category accuracy,0,INVALID,13626.7
119,"Baada ya matokeo kuingia, Gingrich alimpongeza Santorum, lakini alikuwa na maneno makali kwa Romney, ambaye matangazo hasi ya kampeni yalipeperushwa kwa niaba yake dhidi ya Gingrich.",politics,:<br><br>text: Kwa nini Gingrich alipata kura nyingi katika jimbo la Florida?,exact category accuracy,0,INVALID,1433.91
120,Ni CEP ya tano ya Martelly katika miaka minne.,politics,: <br><br><br><br><br><br><br><br><br><br><br><br><br><br><br><br><br><br><br><br><br><br><br><br><br><br><br><br><br><br><br><br><br><br><br><br><br><br><br><br><br><br><br><br><br><br><br><br><br><br><br><br><br><br><br><br><br><br><br><br><br><br><br><br,exact category accuracy,0,INVALID,13831.73
121,"Aliyeshinda nishani ya dhahabu ya Olimpiki alikuwa amepangiwa kuogelea katika mtindo huru wa mita 100 na mita 200 na mbio tatu za kupokezana vijiti katika Michezo ya Jumuiya ya Madola, lakini kwa sababu ya malalamiko yake uzima wake umekuwa na shaka.",sports,: <br><br><br><br><br><br><br><br><br><br><br><br><br><br><br><br><br><br><br><br><br><br><br><br><br><br><br><br><br><br><br><br><br><br><br><br><br><br><br><br><br><br><br><br><br><br><br><br><br><br><br><br><br><br><br><br><br><br><br><br><br><br><br><br,exact category accuracy,0,INVALID,13626.12
122,"Pamoja na kuwa bingwa wa Olimpiki na Dunia, Saito alikuwa mwenyekiti wa kamati ya mafunzo ya Shirikisho la Judo la Japani wakati wa kifo chake.",sports,: <br><br><br><br><br><br><br><br><br><br><br><br><br><br><br><br><br><br><br><br><br><br><br><br><br><br><br><br><br><br><br><br><br><br><br><br><br><br><br><br><br><br><br><br><br><br><br><br><br><br><br><br><br><br><br><br><br><br><br><br><br><br><br><br,exact category accuracy,0,INVALID,14058.11
123,"Kamati ya Kimataifa ya Olimpiki ilipigia kura kujumuisha spoti hiyo katika mkutano wake mkuu wa bodi katika Berlin leo. Raga, hususan muungano wa raga, na gofu ziliteuliwa kushiriki katika Olimpiki.",sports,: <<span style='color:red'>Sports</span>,exact category accuracy,1,sports,1274.37
124,Mchuano mkubwa zaidi wa mwaka utafanyika mnamo Desemba kwenye nyanja za polo katika Las Kanitas.,sports,: <br><br><br><br><br><br><br><br><br><br><br><br><br><br><br><br><br><br><br><br><br><br><br><br><br><br><br><br><br><br><br><br><br><br><br><br><br><br><br><br><br><br><br><br><br><br><br><br><br><br><br><br><br><br><br><br><br><br><br><br><br><br><br><br,exact category accuracy,0,INVALID,13594.34
125,"Tangu kuhamia katika mji mkuu wa Catalan, Vidal alikuwa amechezea klabu yake michezo 49.",sports,: Return only the category. <br>,exact category accuracy,0,INVALID,807.54
126,"Kudumisha uwiano bora wa kawi, kuwa na mazoea ya unywaji wa maji yenye ufanisi, na kuelewa vipengele tofauti vya mazoea ya ziada kunaweza kusaidia wanariadha kuboresha utendaji wao na kuongeza raha yao katika spoti hiyo.",sports,: Return only the category. <<text: Kwa nini unataka kujua ni nini kinachotokea katika eneo la Afrika Mashariki? <category:>,exact category accuracy,0,INVALID,1941.11
127,"Akiwa wa tatu, Hamlin yuko nyuma kwa pointi ishirini, lakini tano mbele ya Bowyer. Kahne na Truex, mdogo, ni wa tano na sita mtawalia kwa alama 2,220 na 2,207.",sports,:<br><br>text: Kwa nini unataka kuenda kwenye shule ya sekondari? <br><br>,exact category accuracy,0,INVALID,1731.82
128,Rekodi ya Nadal dhidi ya Kanada ni 7-2.,sports,: Return only the category. <<text: Rekodi ya Nadal dhidi ya Kanada ni 7-2. <<text: Rekodi ya Nadal dhidi ya Kanada ni 7-2. <<text: Rekodi ya Nadal dhidi ya Kanada ni 7-2. <<text: Rekodi ya Nadal dhidi ya Kanada ni 7-2. <<text: Rekodi ya Nadal dhidi ya Kanada ni 7-2. <<text: Rekodi ya Nadal dhidi ya Kanada ni 7-2. <<text: Rekodi ya Nadal dhidi ya Kanada ni 7-2. <<text: Rekodi ya Nadal dhidi ya Kanada ni 7-2. <<text: Rekodi ya Nadal dhidi ya Kanada ni 7-2. <<text: Rekodi ya Nadal dhidi ya Kanada ni 7-2. <<text: Rekodi ya Nadal dhidi ya Kanada ni 7-2. <<text: Rekodi ya Nadal dhidi ya Kanada ni,exact category accuracy,0,INVALID,13758.43
129,Jarque alikuwa akifanya mazoezi kabla ya msimu kwenye Coverciano katika Italia mapema katika siku. Alikuwa akikaa kwenye hoteli ya timu mbele ya mechi iliyopangiwa Jumapili dhidi ya Bolonia.,sports,: <br><br><br><br><br><br><br><br><br><br><br><br><br><br><br><br><br><br><br><br><br><br><br><br><br><br><br><br><br><br><br><br><br><br><br><br><br><br><br><br><br><br><br><br><br><br><br><br><br><br><br><br><br><br><br><br><br><br><br><br><br><br><br><br,exact category accuracy,0,INVALID,13562.78
130,Hofu ya ukosefu wa usafiri kulizua uwezekano kwamba mchezo huo ungelazimika kuchezwa nyuma ya milango iliyofungwa bila wafuasi wa timu hiyo.,sports,: <br><br><br><br><br><br><br><br><br><br><br><br><br><br><br><br><br><br><br><br><br><br><br><br><br><br><br><br><br><br><br><br><br><br><br><br><br><br><br><br><br><br><br><br><br><br><br><br><br><br><br><br><br><br><br><br><br><br><br><br><br><br><br><br,exact category accuracy,0,INVALID,14051.39
131,"Tommy Dreamer alisema, “Luna alikuwa Malkia wa kwanza wa Kukithiri. Meneja wangu wa kwanza. Luna aliaga dunia mnamo usiku wa miezi miwili. Kipekee kama alivyo tu. Mwanamke hodari.”",sports,: <br><br>text: “Luna alipata umaarufu wa kwanza wa Kukithiri.” <br><br><br>text: “Luna alipata umaarufu wa kwanza wa Kukithiri.”<br><br><br>text: “Luna alipata umaarufu wa kwanza wa Kukithiri.”<br><br><br>text: “Luna alipata umaarufu wa kwanza wa Kukithiri.”<br><br><br>text: “Luna alipata umaarufu wa kwanza wa Kukithiri.”<br><br><br>text: “Luna alipata umaarufu wa kwanza wa Kukithiri.”<br><br><br>text: “Luna alipata umaarufu wa kwanza wa Kukithiri.”<br><br><br>text: “Luna alipata umaarufu wa kwanza wa Kukithiri.”<br><br><br>text: “Luna ali,exact category accuracy,0,INVALID,13799.41
132,Mtelezaji wa theluji asiyeona vizuri kutoka Poland Maciej Krezel na mwelekezi wake Anna Ogarzynska walimaliza wa kumi na tatu katika Super-G. Jong Seork Park kutoka Korea Kusini alimaliza wa ishirini na nne katika kikundi cha wanaume cha kuketi cha Super-G.,sports,: <br><br><br><br><br><br><br><br><br><br><br><br><br><br><br><br><br><br><br><br><br><br><br><br><br><br><br><br><br><br><br><br><br><br><br><br><br><br><br><br><br><br><br><br><br><br><br><br><br><br><br><br><br><br><br><br><br><br><br><br><br><br><br><br,exact category accuracy,0,INVALID,13613.19
133,"Kwa habari kuhusu michuano na mahali pa kununua tikiti za mechi za polo, angalia Asociacion Argentina de Polo.",sports,: <br><br><br><br><br><br><br><br><br><br><br><br><br><br><br><br><br><br><br><br><br><br><br><br><br><br><br><br><br><br><br><br><br><br><br><br><br><br><br><br><br><br><br><br><br><br><br><br><br><br><br><br><br><br><br><br><br><br><br><br><br><br><br><br,exact category accuracy,0,INVALID,14131.7
134,"Michezo hiyo ilianza saa 10 asubuhi na hali nzuri ya hewa na ingawaje kulikuwa na manyunyu ya katikati ya asubuhi ambayo yaliisha haraka, ilikuwa siku nzuri kwa raga ya watu 7.",sports,: <br><br><br><br><br><br><br><br><br><br><br><br><br><br><br><br><br><br><br><br><br><br><br><br><br><br><br><br><br><br><br><br><br><br><br><br><br><br><br><br><br><br><br><br><br><br><br><br><br><br><br><br><br><br><br><br><br><br><br><br><br><br><br><br,exact category accuracy,0,INVALID,13869.5
135,Arly Velasquez wa Meksiko alimaliza kwa nafasi ya kumi na tano katika seti ya Super-G ya wanaume. Ukumbi wa Adam wa Zilandi Mpya lilimaliza wa tisa katika msimamo wa Super-G wa wanaume.,sports,: <br><br><br><br><br><br><br><br><br><br><br><br><br><br><br><br><br><br><br><br><br><br><br><br><br><br><br><br><br><br><br><br><br><br><br><br><br><br><br><br><br><br><br><br><br><br><br><br><br><br><br><br><br><br><br><br><br><br><br><br><br><br><br><br,exact category accuracy,0,INVALID,14093.15
136,"Mechi ya mwisho ya msururu itafanyika katika Ellis Park mjini Johannesburg wiki ijayo, wakati Springboks watakapocheza dhidi ya Australia.",sports,: Return only the category. <br>,exact category accuracy,0,INVALID,847.08
137,Katika hali nzuri utaweza kufikia umbali mkubwa kiasi kuliko kutembea – lakini ni mara chache sana utapata kasi za kuteleza sehemu za mashambani bila shanta nzito katika njia zilizopitiwa awali.,sports,:““““““““““““““““““““““““““““““““““““““““““““““““““““““““““““““““““““““““““““““““““““““““““““““““““““““““““““““““““““““““““““““““,exact category accuracy,0,INVALID,14414.48
138,"Kwa pointi saba nyuma, Johnson ni wa pili na 2,243.",sports,": Return only the category. <br>text: Kwa kweli, Johnson ni wa pili na 2,243. <br>",exact category accuracy,0,INVALID,2052.18
139,"Kuingia kwenye korongo (au: canyoneering) ni kuhusu kwenda chini ya korongo, ambayo imekauka au imejawa na maji.",sports,: <br><br>text: Kwa nini unataka kuenda kwenye korongo? <br><br><br>text: Kwa sababu kuna maji mengi. <br><br><br>text: Kwa nini unataka kuenda kwenye korongo? <br><br><br>text: Kwa sababu kuna maji mengi. <br><br><br>text: Kwa nini unataka kuenda kwenye korongo? <br><br><br>text: Kwa sababu kuna maji mengi. <br><br><br>text: Kwa nini unataka kuenda kwenye korongo? <br><br><br>text: Kwa sababu kuna maji mengi. <br><br><br>text: Kwa nini unataka kuenda kwenye korongo? <br><br><br>text: Kwa sababu kuna maji mengi. <br><br><br>text: Kwa nini unataka kuenda kwenye korongo? <br>,exact category accuracy,0,INVALID,14529.74
140,"Robin Uthappa alifanya alama za juu za fursa, pointi 70 katika mipira 41 kwa kufikia nne 11 na sita 2.",sports,:Sports. </b> <b>,exact category accuracy,1,sports,764.87
141,"Spoti za msimu wa baridi ni maarufu sana katika maeneo ya Kaskazini, ambako Waitaliano hushindana katika michezo ya kimataifa na ya Olimpiki.",sports,: <br><br><br><br><br><br><br><br><br><br><br><br><br><br><br><br><br><br><br><br><br><br><br><br><br><br><br><br><br><br><br><br><br><br><br><br><br><br><br><br><br><br><br><br><br><br><br><br><br><br><br><br><br><br><br><br><br><br><br><br><br><br><br><br,exact category accuracy,0,INVALID,14662.2
142,"Maroochidore ilikuwa imemaliza juu ya ngazi, alama sita wazi mbele ya Noosa kwa nafasi ya pili.",sports,: Return only the category. <br>,exact category accuracy,0,INVALID,870.94
143,"Michael Schumacher alimaliza mbio zake muda mfupi baada ya Alonso, kwa sababu ya uharibifu wa mfumo wa kusimamisha gari, uliosababishwa na mapambano kadhaa wakati wa mbio hizo.",sports,: <br><br><br><br><br><br><br><br><br><br><br><br><br><br><br><br><br><br><br><br><br><br><br><br><br><br><br><br><br><br><br><br><br><br><br><br><br><br><br><br><br><br><br><br><br><br><br><br><br><br><br><br><br><br><br><br><br><br><br><br><br><br><br><br,exact category accuracy,0,INVALID,14510.88
144,"Mazoea ya lishe sahihi pekee haiwezi kuzalisha usomi wa utendaji, ila yanaweza kuathiri kwa kiasi kikubwa na ustawi wa wakimbiaji wachanga kwa ujumla.",sports,: Return only the category. <br>text: Kwa nini unataka kuenda kwenye shule ya msingi? <br>category:,exact category accuracy,0,INVALID,2047.46
145,Hakuweza kunywa dawa zinazohitajika kutuliza maumivu yake kwani zimepigwa marufuku katika Michezo.,sports,: Return only the category. <<text: Kwa nini unataka kujua ni nini kilichotokea? <<category: health>>,exact category accuracy,0,health,1999.45
146,Utafiti umebainisha kuwa wanawake wana uwezekano maradufu wa kuugua selerosisiwingi kuliko wanaume.,health,": health terms: health, return, selerosis",exact category accuracy,1,health,934.82
147,"Mivinyo isiyo halali inaweza kuwa na uchafu mwingi hatari pamoja na methanoli, ambayo inaweza kusababisha upofu au kifo hata kwa kiasi kidogo.",health,: <br><br><br><br><br><br><br><br><br><br><br><br><br><br><br><br><br><br><br><br><br><br><br><br><br><br><br><br><br><br><br><br><br><br><br><br><br><br><br><br><br><br><br><br><br><br><br><br><br><br><br><br><br><br><br><br><br><br><br><br><br><br><br><br,exact category accuracy,0,INVALID,13989.8
148,"Ni athari tu za kutia janga chumvi, si mafadhaiko na uoga, zilizokuwa na masharti ya vipindi vya PA vya mara kwa mara kila wiki.",health,: Return only the category. <br>,exact category accuracy,0,INVALID,844.21
149,"Umiliki wa magari kwa wingi pia hupelekea matukio mengi ya ajali za barabarani, ambazo hupelekea uvumbuzi wa mbinu mpya katika matibabu za kutengeneza miili iliyovunjika.",health,: Return only the category. <br>,exact category accuracy,0,INVALID,866.16
150,"Watafiti wakuu wanasema hili linaweza kuleta ugunduzi wa mapema wa saratani, kifua kikuu, ukimwi na malaria kwa wagonjwa katika nchi zenye mapato ya chini, ambapo viwango vya kupona kwa magonjwa kama vile saratani ya matiti vinaweza kuwa nusu ya vile vya nchi tajiri.",health,: <br><br><br><br><br><br><br><br><br><br><br><br><br><br><br><br><br><br><br><br><br><br><br><br><br><br><br><br><br><br><br><br><br><br><br><br><br><br><br><br><br><br><br><br><br><br><br><br><br><br><br><br><br><br><br><br><br><br><br><br><br><br><br><br,exact category accuracy,0,INVALID,13754.76
151,"Dak. Ehud Ur, profesa wa udaktari katika chuo kikuu cha Dalhousie kule Halifix, Nova Scotia na mwenyekiti wa kitengo cha kliniki na kisayansi kwenye ushirika wa ugonjwa wa kisukari nchini Canada alionya kuwa utafiti bado uko kwenye siku za mapema.",health,:<br><br>text: Kwa nini unataka kujua? <br><br>,exact category accuracy,0,INVALID,1479.07
152,"Watoto hawa huingia kwenye shida nyingi kwa sababu “wanajihusisha na tabia hatari, wanaingia kwenye vita na kuipa changamoto mamlaka” ili kuchechemua akili zao kwa sababu akili zao haziwezi kuchechemuliwa kwa njia za kawaida.",health,":, <br>text: Kwa nini watoto hawa wanapata shida nyingi? <br>",exact category accuracy,0,INVALID,1284.13
153,Wanadamu waweza kuathiriwa kwa kupumua maji yaliyoathirika yaliyopelekwa hewani na upepo na mawimbi.,health,:<br><br><br><br><br><br><br><br><br><br><br><br><br><br><br><br><br><br><br><br><br><br><br><br><br><br><br><br><br><br><br><br><br><br><br><br><br><br><br><br><br><br><br><br><br><br><br><br><br><br><br><br><br><br><br><br><br><br><br><br><br><br><br><br>,exact category accuracy,0,INVALID,13877.67
154,Watu wengine wanaamini kuwa kupata ndoto nyingi bandia mara nyingi kunaweza kuchosha sana.,health,: Return only the category. <<text: Kwa nini watu wanaamini kuwa kupata ndoto nyingi bandia mara nyingi kunaweza kuchosha sana. >><<text: Kwa nini watu wanaamini kuwa kupata ndoto nyingi bandia mara nyingi kunaweza kuchosha sana. >><<text: Kwa nini watu wanaamini kuwa kupata ndoto nyingi bandia mara nyingi kunaweza kuchosha sana. >><<text: Kwa nini watu wanaamini kuwa kupata ndoto nyingi bandia mara nyingi kunaweza kuchosha sana. >><<text: Kwa nini watu wanaamini kuwa kupata ndoto nyingi bandia mara nyingi kunaweza kuchosha sana. >><<text: Kwa nini watu wanaamini kuwa kupata ndoto nyingi bandia mara nyingi kunaweza kuchosha sana. >><<text: Kwa nini watu wanaamini kuwa kupata ndoto nyingi bandia mara nyingi kunaweza kuchosha sana. >><<text: Kwa nini watu wanaamini kuwa kupata ndoto nyingi bandia mara nyingi kunaweza kuchosha sana. >><<text: Kwa nini watu wanaamini kuwa kupata ndoto nyingi bandia mara nyingi kunaweza kuchosha sana. >><<text,exact category accuracy,0,INVALID,13985.37
155,Potro alipokea matibabu begani mwake kwa wakati huu lakini akamudu kurejea kwenye mchezo.,health,: Return to the topicClick to expand Nadhani ni health kwa sababu alitumia neno 'potro' na 'begani' na pia alitumia neno 'return' na 'return only' kwa hiyo nadhani ni health,exact category accuracy,1,health,3022.18
156,"Waaidha, kukosa kufanya hivyo kuna matokeo mazito: udidimiaji wa ukuaji, utapiamlo, na hatimaye kifo.",health,: Return only the category. <br>,exact category accuracy,0,INVALID,888.16
157,Maafisa wa mji wa Amsterdam na Makavazi ya Anne Frank wanasema kwamba mti huo umeambukizwa kuvu na unatoa hatari kwa afya ya jamii kwani walisema kwamba ulikuwa katika hatari ya karibu ya kuanguka.,health,: <br><br>text: Kwa nini unasema hivyo? <br><br><br><br>text: Kwa sababu ya upepo mkali. <br><br><br>text: Kwa nini unasema hivyo? <br><br><br>text: Kwa sababu ya upepo mkali. <br><br><br>text: Kwa nini unasema hivyo? <br><br><br>text: Kwa sababu ya upepo mkali. <br><br><br>text: Kwa nini unasema hivyo? <br><br><br>text: Kwa sababu ya upepo mkali. <br><br><br>text: Kwa nini unasema hivyo? <br><br><br>text: Kwa sababu ya upepo mkali. <br><br><br>text: Kwa nini unasema hivyo? <br><br><,exact category accuracy,0,INVALID,14729.07
158,"Hospitali imefuata itifaki ya kudhibiti maambukizi, ikiwa ni pamoja na kutenga mgonjwa kutoka kwa wengine ili kuzuia uwezekano wa kuwaambukiza wengine.",health,:<br><br><br><br><br><br><br><br><br><br><br><br><br><br><br><br><br><br><br><br><br><br><br><br><br><br><br><br><br><br><br><br><br><br><br><br><br><br><br><br><br><br><br><br><br><br><br><br><br><br><br><br><br><br><br><br><br><br><br><br><br><br><br><br>,exact category accuracy,0,INVALID,14690.31
159,Taasisi ya Haki na Demokrasia ya Haiti imerejelea utafiti huru ambao unapendekeza kwamba kikosi cha kulinda amani cha Kinepali cha Umoja wa Mataifa kilileta ugonjwa huo Haiti bila kujua.,health,:<br><br>text: Kwa nini watu wa Haiti wanasema kwamba wanajeshi wa Kinepali walileta ugonjwa huo? <br><br>,exact category accuracy,0,INVALID,2287.53
160,"Maradhi yenyewe ya kuambukiza, au wanyama hatari ambao wanaweza kujeruhi au kuua watu kwa nguvu, kwa kawaida hawahitimu kama wanyama-vipenzi.",health,: <br><br>text: Kwa nini unataka kujua ni nini kinachotokea katika nchi yetu? <br><br><br>text: Kwa sababu kuna watu wengi wanaotaka kujua ni nini kinachotokea katika nchi yetu. <br><br><br>text: Kwa nini unataka kujua ni nini kinachotokea katika nchi yetu? <br><br><br>text: Kwa sababu kuna watu wengi wanaotaka kujua ni nini kinachotokea katika nchi yetu. <br><br><br>text: Kwa nini unataka kujua ni nini kinachotokea katika nchi yetu? <br><br><br>text: Kwa sababu kuna watu wengi wanaotaka kujua ni nini kinachotokea katika nchi yetu. <br><br><br>text: Kwa nini unataka kujua ni nini kinachotokea katika nchi yetu? <br><br><br>text: Kwa sababu kuna watu wengi wanaotaka kujua ni nini kinachotokea katika nchi yetu. <br><br><br>text: Kwa nini unataka kujua ni nini kinachotokea,exact category accuracy,0,INVALID,14700.49
161,"Watoto walio na ADD huwa na wakati mgumu kuangazia mambo kama kazi za shuleni, lakini wanaweza kukazia fikira mambo wanayopenda kuyafanya kama kucheza michezo au kutazama katuni zao vibwedo au kuandika sentensi bila kuakifisha.",health,: <br><br><br><br><br><br><br><br><br><br><br><br><br><br><br><br><br><br><br><br><br><br><br><br><br><br><br><br><br><br><br><br><br><br><br><br><br><br><br><br><br><br><br><br><br><br><br><br><br><br><br><br><br><br><br><br><br><br><br><br><br><br><br><br,exact category accuracy,0,INVALID,14562.27
162,"Katika mwaka mmoja, mtu aliyeambukizwa huenda akaambukiza wato 10-15 wa karibu.",health,:health. term: health.,exact category accuracy,1,health,658.61
163,"Wakati mapigano yalipokoma na majeruhi kupelekwa hospitalini, takriban 40 wa wafungwa waliobaki walikaa kwenye yadi na kukataa kurudi kwenye seli zao.",health,": Return only the category. <br>text: Kwa nini unataka kuenda kwenye shule ya sekondari? <br>category: <br>text: Ni kweli, nilikuwa nataka kwenda shule ya sekondari. <br>category: <br>text: Kwa nini unataka kwenda shule ya sekondari? <br>category: <br>text: Ni kweli, nilikuwa nataka kwenda shule ya sekondari. <br>category: <br>text: Ni kweli, nilikuwa nataka kwenda shule ya sekondari. <br>category: <br>text: Ni kweli, nilikuwa nataka kwenda shule ya sekondari. <br>category: <br>text: Ni kweli, nilikuwa nataka kwenda shule ya sekondari. <br>category: <br>text: Ni kweli, nilikuwa nataka kwenda shule ya sekondari. <br>category: <br>text: Ni kweli, nili",exact category accuracy,0,INVALID,14092.82
164,Madaktari walianza kuajiriwa na Mtawala Augustus na hata kuunda kitengo kikubwa cha kwanza cha Matibabu cha Kirumi kwa ajili ya kutumika baada ya vita.,health,: Return only the category. <br>text: Kwa nini unataka kujua? <br>category:,exact category accuracy,0,INVALID,1875.99
165,"Hata hivyo, dereva alipata majeraha mabaya kwenye kichwa.",health,: <br><br><br><br><br><br><br><br><br><br><br><br><br><br><br><br><br><br><br><br><br><br><br><br><br><br><br><br><br><br><br><br><br><br><br><br><br><br><br><br><br><br><br><br><br><br><br><br><br><br><br><br><br><br><br><br><br><br><br><br><br><br><br><br,exact category accuracy,0,INVALID,14340.2
166,"""Sasa tuna panya wenye umri wa miezi minne ambao hawana kisukari ambao awali walikuwa na kisukari"", aliongeza.",health,:. <br><br>,exact category accuracy,0,INVALID,615.91
167,"Sumu ya ndani inaweza kukosa kuwa dhahiri papo hapo. Dalili, kama vile kutapika ni jumla kiasi kwamba utambuzi wa mara moja hauwezi kufanywa.",health,: <br><br><br><br><br><br><br><br><br><br><br><br><br><br><br><br><br><br><br><br><br><br><br><br><br><br><br><br><br><br><br><br><br><br><br><br><br><br><br><br><br><br><br><br><br><br><br><br><br><br><br><br><br><br><br><br><br><br><br><br><br><br><br><br,exact category accuracy,0,INVALID,14462.44
168,"Kama matokeo, watendaji huvuta misokoto ya bangi kwenye jukwaa, na ukumbi wenyewe unawahimiza hadhira kushiriki.",entertainment,: <br><br>text: Kwa nini unataka kuenda kwenye shule ya msingi? <br><br><br>text: Kwa sababu ninataka kupata elimu ya juu. <br><br><br>text: Kwa nini unataka kupata elimu ya juu? <br><br><br>text: Kwa sababu ninataka kupata kazi nzuri. <br><br><br>text: Kwa nini unataka kupata kazi nzuri? <br><br><br>text: Kwa sababu ninataka kupata pesa nyingi. <br><br><br>text: Kwa nini unataka kupata pesa nyingi? <br><br><br>text: Kwa sababu ninataka kuweza kujisaidia mwenyewe. <br><br><br>text: Kwa nini unataka kujisaidia mwenyewe? <br><br><br>text: Kwa sababu ninataka kuwa na uhuru wa kifedha. <br><br><br>,exact category accuracy,0,INVALID,14212.53
169,Aerosmith wameghairi maonyesho yaliyobaki katika ziara yao.,entertainment,: <br><br><br><br><br><br><br><br><br><br><br><br><br><br><br><br><br><br><br><br><br><br><br><br><br><br><br><br><br><br><br><br><br><br><br><br><br><br><br><br><br><br><br><br><br><br><br><br><br><br><br><br><br><br><br><br><br><br><br><br><br><br><br><br,exact category accuracy,0,INVALID,14591.07
170,Ikiwa ungetaka kuwa karibu na matukio utahitajika kurauka mapema ili upate eneo la kukita kambi karibu na muziki.,entertainment,: <br><br><br><br><br><br><br><br><br><br><br><br><br><br><br><br><br><br><br><br><br><br><br><br><br><br><br><br><br><br><br><br><br><br><br><br><br><br><br><br><br><br><br><br><br><br><br><br><br><br><br><br><br><br><br><br><br><br><br><br><br><br><br><br,exact category accuracy,0,INVALID,14448.14
171,Kuna aina nyingi za filamu ambazo zimetumika kwa miaka. Filamu ya milimita 35 (kanda hasi ya milimita 36 kwa milimita 24) ni ya kawaida zaidi.,entertainment,: <br><br>text: Kwa nini unataka kujua? <br><br>category:,exact category accuracy,0,INVALID,1699.5
172,"Ingawa hii ni shughuli ya kawaida sana, imekatazwa na Disney: tiketi haziwezi kuhamishwa.",entertainment,: <br><br><br><br><br><br><br><br><br><br><br><br><br><br><br><br><br><br><br><br><br><br><br><br><br><br><br><br><br><br><br><br><br><br><br><br><br><br><br><br><br><br><br><br><br><br><br><br><br><br><br><br><br><br><br><br><br><br><br><br><br><br><br><br,exact category accuracy,0,INVALID,14177.13
173,Kila kipindi cha onyesho kingeangazia mada katika kitabu maalum na kisha kuchunguza mada hiyo kupitia hadithi nyingi.,entertainment,: <br><br>text: Kwa nini tunahitaji kuchunguza hadithi nyingi za historia ili kugundua ni nini kilichotokea? <br><br>category:,exact category accuracy,0,INVALID,2495.45
174,Skrini kadhaa kubwa za televisheni ziliangikwa mahali mbalimbali jijini Roma ili kuwezesha watu kutazama sherehe hiyo.,entertainment,: <br><br><br><br><br><br><br><br><br><br><br><br><br><br><br><br><br><br><br><br><br><br><br><br><br><br><br><br><br><br><br><br><br><br><br><br><br><br><br><br><br><br><br><br><br><br><br><br><br><br><br><br><br><br><br><br><br><br><br><br><br><br><br><br,exact category accuracy,0,INVALID,14531.73
175,Sophocles na Aristophanes bado ni waandishi maarufu wa michezo ya kuigiza na michezo yao huzingatiwa kuwa miongoni mwa kazi kubwa za fasihi ya ulimwengu.,entertainment,:. <<<<<<<<<<<<<<<<<<<<<<<<<<<<<<<<<<<<<<<<<<<<<<<<<<<<<<<<<<<<<<<<<<<<<<<<<<<<<<<<<<<<<<<<<<<<<<<<<<<<<<<<<<<<<<<<<<<<<<<<<<<<<<<<<<<<<<<<<<<<<<<<<<<<<<<<<<<<<<<<<<<<<<<<<<<<<<<<<<<<<<<<<<<<<<<<<<<<<<<<<<<<<<<<<<<<<<<<<<<<<<<<<<<<<<<<<<<<<<<<<<<<<<<<<<<<<<,exact category accuracy,0,INVALID,14484.83
176,Kila onyesho pia lingetoa mapendekezo ya vitabu ambavyo watoto wangepaswa kutafuta walipokwenda katika maktaba.,entertainment,: <br><br><br><br><br><br><br><br><br><br><br><br><br><br><br><br><br><br><br><br><br><br><br><br><br><br><br><br><br><br><br><br><br><br><br><br><br><br><br><br><br><br><br><br><br><br><br><br><br><br><br><br><br><br><br><br><br><br><br><br><br><br><br><br,exact category accuracy,0,INVALID,14729.7
177,"Kwenye kodiani, kupata sauti ya ziada, unatumia viriba na shinikizo au kasi zaidi.",entertainment,: <br><br><br><br>text: Kwa nini unatumia viriba na shinikizo? <br><br><br><br><br><br>text: Kwa sababu unataka kusikiliza sauti ya ziada. <br><br><br><br><br>text: Kwa nini unataka kusikiliza sauti ya ziada? <br><br><br><br>text: Kwa sababu unataka kujua habari za ziada. <br><br><br><br>text: Kwa nini unataka kujua habari za ziada? <br><br><br><br><br>text: Kwa sababu unataka kujua habari za ziada. <br><br><br><br><br>text: Kwa nini unataka kujua habari za ziada? <br><br><br><br>text: Kwa sababu unataka kujua habari za ziada,exact category accuracy,0,INVALID,14456.69
178,Unaweza kuona piramidi gizani na unaweza kuziona katika utulivu kabla ya maonyesho kuanza.,entertainment,: <br><br>text: Kwa nini unataka kujua ni nini kilichotokea? <br><br>,exact category accuracy,0,INVALID,1747.48
179,"Mifano ya shughuli za eneoni ni pamoja na uwindaji, uvuvi, upigaji picha, kutazama ndege, na kutembelea mbuga na kusoma habari za mfumo wa ikolojia.",entertainment,: <br><br><br>,exact category accuracy,0,INVALID,808.56
180,Sphinx amewekwa kama usuli na msimulizi wa hadithi ndefu.,entertainment,: <br><br><br><br><br><br><br><br><br><br><br><br><br><br><br><br><br><br><br><br><br><br><br><br><br><br><br><br><br><br><br><br><br><br><br><br><br><br><br><br><br><br><br><br><br><br><br><br><br><br><br><br><br><br><br><br><br><br><br><br><br><br><br><br,exact category accuracy,0,INVALID,14444.27
181,"Aghalabu huwa na chakula cha kipekee, vinywaji na matoleo ya burdani, ili kuwatumbuiza wageni na kuwatunza katika majengo yao.",entertainment,: Return only the category. <br/>,exact category accuracy,0,INVALID,946.48
182,"Tayari likiripoti kwa Kiingereza na Kijapani, shirika la kimataifa linazindua mipango ya lugha za Kihispania, Kiitaliano, na Kikorea, kwa televisheni, wavuti, na vifaa vya mkononi.",entertainment,: Return only the category. <<text: Kwa nini unataka kujua? <<category: Health>>,exact category accuracy,0,health,1914.61
183,Kabla ya The Simpsons Simon alikuwa amefanyia kazi maonyesho kadhaa katika nafasi mbalimbali.,entertainment,: <br><br>text: Kwa nini unataka kujua? <br><br>text: Kwa sababu ni mtaalamu wa masuala ya siasa. <br><br>text: Kwa nini unataka kujua? <br><br>text: Kwa sababu ni mtaalamu wa masuala ya siasa. <br><br>text: Kwa nini unataka kujua? <br><br>text: Kwa sababu ni mtaalamu wa masuala ya siasa. <br><br>text: Kwa nini unataka kujua? <br><br>text: Kwa sababu ni mtaalamu wa masuala ya siasa. <br><br>text: Kwa nini unataka kujua? <br><br>text: Kwa sababu ni mtaalamu wa masuala ya siasa. <br><br>text: Kwa nini unataka kujua? <br><br>text: Kwa sababu ni mtaalamu wa masuala ya siasa. <br><br>text: Kwa nini unataka kujua? <br><br>text:,exact category accuracy,0,INVALID,14447.97
184,Hii itawaruhusu wachezaji kudhibiti machaguo na misogeo katika michezo ya video kwa kusogeza kifaa hewani.,entertainment,: <br><br><br><br><br><br><br><br><br><br><br><br><br><br><br><br><br><br><br><br><br><br><br><br><br><br><br><br><br><br><br><br><br><br><br><br><br><br><br><br><br><br><br><br><br><br><br><br><br><br><br><br><br><br><br><br><br><br><br><br><br><br><br><br,exact category accuracy,0,INVALID,13976.11
185,"Angalau watu 100 walihudhuria sherehe hiyo, ili kusherehekea adhimisho la kwanza la wanandoa ambao harusi yao ilifanyika mwaka jana.",entertainment,:\n\n\n\n\n\n\n\n\n\n\n\n\n\n\n\n\n\n\n\n\n\n\n\n\n\n\n\n\n\n\n\n\n\n\n\n\n\n\n\n\n\n\n\n\n\n\n\n\n\n\n\n\n\n\n\n\n\n\n\n\n\n\n\n\n\n\n\n\n\n\n\n\n\n\n\n\n\n\n\n\n\n\n\n\n\n\n\n\n\n\n\n\n\n\n\n\n\n\n\n\n\n\n\n\n\n\n\n\n\n\n\n\n\n\n\n\n\n\n\n\n\n\n\n\n\n\n\n,exact category accuracy,0,INVALID,13927.96
186,"Nyimbo mbili kutoka kwa sinema, Audition (The Fools Who Dream) na Mji wa Nyota, zilipendekezwa kuwa nyimbo bora asilia. Studio ya Lionsgate ilipendekezwa mara 26 – zaidi ya studio nyingine yoyote.",entertainment,:““““““““““““““““““““““““““““““““““““““““““““““““““““““““““““““““““““““““““““““““““““““““““““““““““““““““““““““““““““““““““““““““,exact category accuracy,0,INVALID,14021.59
187,Uso wa dunia una upana wa karibu kilomita 70 kwa ukaribu na upana wa kilomita100 kwa umbali.,geography,:\n\n\n\n\n\n\n\n\n\n\n\n\n\n\n\n\n\n\n\n\n\n\n\n\n\n\n\n\n\n\n\n\n\n\n\n\n\n\n\n\n\n\n\n\n\n\n\n\n\n\n\n\n\n\n\n\n\n\n\n\n\n\n\n\n\n\n\n\n\n\n\n\n\n\n\n\n\n\n\n\n\n\n\n\n\n\n\n\n\n\n\n\n\n\n\n\n\n\n\n\n\n\n\n\n\n\n\n\n\n\n\n\n\n\n\n\n\n\n\n\n\n\n\n\n\n\n\n,exact category accuracy,0,INVALID,13867.35
188,Mbali zaidi upande wa kusini ni Maporomoko ya Maji ya Niagara na upande wa kaskazini ni kiini cha urembo usiyofichwa cha Muskoka na zaidi.,geography,: <br><br><br><br><br><br><br><br><br><br><br><br><br><br><br><br><br><br><br><br><br><br><br><br><br><br><br><br><br><br><br><br><br><br><br><br><br><br><br><br><br><br><br><br><br><br><br><br><br><br><br><br><br><br><br><br><br><br><br><br><br><br><br><br,exact category accuracy,0,INVALID,13626.36
189,"Ellsworth Land ni mkoa kusini mwa Peninsula, unaopakana na Bahari la Bellingshausen.",geography,: <br><br><br><br><br><br><br><br><br><br><br><br><br><br><br><br><br><br><br><br><br><br><br><br><br><br><br><br><br><br><br><br><br><br><br><br><br><br><br><br><br><br><br><br><br><br><br><br><br><br><br><br><br><br><br><br><br><br><br><br><br><br><br><br,exact category accuracy,0,INVALID,13786.41
190,Njia ya Ncha ya Kusini (au Barabara Kuu) ni njia yenye urefu wa kilomita 1600 kutoka Kituo cha McMurdo katika Bahari ya Ross hadi kwenye ncha.,geography,: <br><br>text: Kwa nini ni muhimu kuzingatia ubora wa maji katika eneo hili? <br><br>category:,exact category accuracy,0,INVALID,2174.01
191,"Juu ya mwisho wa kaskazini mwa Machu Picchu ni mlima ulio na mwinuko, mara nyingi ni uwanja wa nyuma wa picha nyingi za magofu.",geography,:\n\n\n\n\n\n\n\n\n\n\n\n\n\n\n\n\n\n\n\n\n\n\n\n\n\n\n\n\n\n\n\n\n\n\n\n\n\n\n\n\n\n\n\n\n\n\n\n\n\n\n\n\n\n\n\n\n\n\n\n\n\n\n\n\n\n\n\n\n\n\n\n\n\n\n\n\n\n\n\n\n\n\n\n\n\n\n\n\n\n\n\n\n\n\n\n\n\n\n\n\n\n\n\n\n\n\n\n\n\n\n\n\n\n\n\n\n\n\n\n\n\n\n\n\n\n\n\n,exact category accuracy,0,INVALID,13616.35
192,"Enceladus ndicho kitu kinachoakisi zaidi kwenye mfumo wa jua, ikiakisi takribani asilimia 90 ya jua inayoifikia.",geography,: <br><br><br><br><br><br><br><br><br><br><br><br><br><br><br><br><br><br><br><br><br><br><br><br><br><br><br><br><br><br><br><br><br><br><br><br><br><br><br><br><br><br><br><br><br><br><br><br><br><br><br><br><br><br><br><br><br><br><br><br><br><br><br><br,exact category accuracy,0,INVALID,13734.13
193,Hakuna kingine kinachoweza kuonekana ila anga safi na nzuri huko juu na milima mingi inayolizunguka. Ni machache sana ya dunia hii yanayoweza kuonwa au kusikiwa ndani ya pango hili.,geography,: <br><br>text: Kwa nini unataka kujua ni nini kilichotokea? <br><br>category:,exact category accuracy,0,INVALID,1861.62
194,"Sasa kwa Japani. Japani ilikuwa nchi ya kisiwa, kama vile Uingereza.",geography,: <br><br>text: Kwa nini Japani ilianza kuwa nchi ya viwanda? <br><br>text: Kwa sababu Japani ilianza kuwa nchi ya viwanda. <br><br>text: Kwa nini Japani ilianza kuwa nchi ya viwanda? <br><br>text: Kwa sababu Japani ilianza kuwa nchi ya viwanda. <br><br>text: Kwa nini Japani ilianza kuwa nchi ya viwanda? <br><br>text: Kwa sababu Japani ilianza kuwa nchi ya viwanda. <br><br>text: Kwa nini Japani ilianza kuwa nchi ya viwanda? <br><br>text: Kwa sababu Japani ilianza kuwa nchi ya viwanda. <br><br>text: Kwa nini Japani ilianza kuwa nchi ya viwanda? <br><br>text: Kwa sababu Japani ilianza kuwa nchi ya viwanda. <br><br>text: Kwa nini Japani,exact category accuracy,0,INVALID,13799.42
195,"Katika kilele chake, Kimbunga cha Kitropiki cha Gonu, kilichopatiwa jina la begi la majani ya mtende kwa lugha ya Maldivi, kililifikia pepo imara za kilomita 240 kwa saa (maili 149 kwa saa).",geography,: <br><br>text: Kwa nini unataka kujua? <br><br>category:,exact category accuracy,0,INVALID,1791.69
196,"Sehemu ya Uturuki, pamoja na maziwa, imekalia kilomita mraba 783, 562 (maili mraba 300, 948), ambazo kilomita mraba 755,688 (maili mraba 291,773) kati yake ziko kusini magharibi mwa Asia na kilomita mraba 23,764 (maili mraba 9,174) ziko barani Ulaya.",geography,: <br><br><br><br><br><br><br><br><br><br><br><br><br><br><br><br><br><br><br><br><br><br><br><br><br><br><br><br><br><br><br><br><br><br><br><br><br><br><br><br><br><br><br><br><br><br><br><br><br><br><br><br><br><br><br><br><br><br><br><br><br><br><br><br,exact category accuracy,0,INVALID,14161.25
197,"Visiwa vya kusini mwa Shetlandi, vilivyogunduliwa mnamo 1819, vinadaiwa kuwa milki ya mataifa kadhaa na vina misingi mingi, ikiwemo kumi na sita iliyo hai mnamo 2020.",geography,: <br><br>text: Kwa nini unataka kujua? <br><br>category:,exact category accuracy,0,INVALID,1663.75
198,"Apia ni mji mkuu wa Samoa. Mji huo uko kwenye kisiwa cha Upolu na lina watu chini ya 40,000.",geography,: <br><br>text: Kwa nini unataka kujua? <br><br>category: <br><br>text: Kwa sababu nijifunze kuhusu historia ya Samoa. <br><br>category: <br><br>text: Kwa nini unataka kujua? <br><br>category: <br><br>text: Kwa sababu nijifunze kuhusu historia ya Samoa. <br><br>category: <br><br>text: Kwa nini unataka kujua? <br><br>category: <br><br>text: Kwa sababu nijifunze kuhusu historia ya Samoa. <br><br>category: <br><br>text: Kwa nini unataka kujua? <br><br>category: <br><br>text: Kwa sababu nijifunze kuhusu historia ya Samoa. <br>,exact category accuracy,0,INVALID,13620.84
199,"Wakati dhoruba bado haijafikia kuporomoka kwa ardhi, inabakia kuwa vigumu kupima athari zinazoweza kukumba Marekani au Karibian.",geography,: <br><br><br><br><br><br><br><br><br><br><br><br><br><br><br><br><br><br><br><br><br><br><br><br><br><br><br><br><br><br><br><br><br><br><br><br><br><br><br><br><br><br><br><br><br><br><br><br><br><br><br><br><br><br><br><br><br><br><br><br><br><br><br><br,exact category accuracy,0,INVALID,13960.33
200,Chini ya maria huwa nyembamba lakini nzito chini ya nyanda za juu.,geography,: Return only the category. <<text: Kwa nini unaenda kwa daktari? <><category: health>,exact category accuracy,0,health,1911.62
201,Misitu hiyo si mikoko ya mabwawa tu - inajumuisha baadhi ya misitu mikuu iliyosalia ambayo kwa wakati mmoja ilikuwa imefunikwa na tambarare ya Gaengitiki.,geography,: <br><br>text: Kwa nini unataka kujua? <br><br>,exact category accuracy,0,INVALID,1534.91
202,Ramani ya kimataifa ya zilizala ya Utafiti wa Jiolojia wa Marekani haikuonyesha zilizala huko Aisilandi katika wiki iliyotangulia.,geography,: <br><br><br><br><br><br><br><br><br><br><br><br><br><br><br><br><br><br><br><br><br><br><br><br><br><br><br><br><br><br><br><br><br><br><br><br><br><br><br><br><br><br><br><br><br><br><br><br><br><br><br><br><br><br><br><br><br><br><br><br><br><br><br><br,exact category accuracy,0,INVALID,13962.14
203,"Likiwa juu ya mojawapo ya milima kaskazini mwa Mecca, pango hilo limetengwa kabisa na ulimwengu.",geography,: <br><br><br><br><br><br><br><br><br><br><br><br><br><br><br><br><br><br><br><br><br><br><br><br><br><br><br><br><br><br><br><br><br><br><br><br><br><br><br><br><br><br><br><br><br><br><br><br><br><br><br><br><br><br><br><br><br><br><br><br><br><br><br><br,exact category accuracy,0,INVALID,13636.96
